id,source,target,relation,evidence,evidence_url,evidence_locator,epistemic_status,evidence_file,evidence_page
e1,author:chen-tianping,chen-1995,authored,Author listed in primary bibliographic metadata or PDF.,https://pubmed.ncbi.nlm.nih.gov/18263379/,citation_author metadata / paper byline,documented,,
e2,author:chen-hong,chen-1995,authored,Author listed in primary bibliographic metadata or PDF.,https://pubmed.ncbi.nlm.nih.gov/18263379/,citation_author metadata / paper byline,documented,,
e3,chen-1995,field:operator-learning,classified_in,Early neural-network approximation theorem for nonlinear operators.,https://pubmed.ncbi.nlm.nih.gov/18263379/,Curated classification based on abstract and stated task,curated_classification,,
e4,chen-1995,field:theory,classified_in,Early neural-network approximation theorem for nonlinear operators.,https://pubmed.ncbi.nlm.nih.gov/18263379/,Curated classification based on abstract and stated task,curated_classification,,
e5,author:barrault-maxime,eim-2004,authored,Author listed in primary bibliographic metadata or PDF.,https://www.mit.edu/~cuongng/publication/pub1/,citation_author metadata / paper byline,documented,,
e6,author:maday-yvon,eim-2004,authored,Author listed in primary bibliographic metadata or PDF.,https://www.mit.edu/~cuongng/publication/pub1/,citation_author metadata / paper byline,documented,,
e7,author:nguyen-ngoc-cuong,eim-2004,authored,Author listed in primary bibliographic metadata or PDF.,https://www.mit.edu/~cuongng/publication/pub1/,citation_author metadata / paper byline,documented,,
e8,author:patera-anthony-t,eim-2004,authored,Author listed in primary bibliographic metadata or PDF.,https://www.mit.edu/~cuongng/publication/pub1/,citation_author metadata / paper byline,documented,,
e9,eim-2004,field:quadrature,classified_in,Builds a reduced representation of parameter-dependent functions using selected evaluation points.,https://www.mit.edu/~cuongng/publication/pub1/,Curated classification based on abstract and stated task,curated_classification,,
e10,eim-2004,field:hyper-reduction,classified_in,Builds a reduced representation of parameter-dependent functions using selected evaluation points.,https://www.mit.edu/~cuongng/publication/pub1/,Curated classification based on abstract and stated task,curated_classification,,
e11,author:chaturantabut-saifon,deim-2009,authored,Author listed in primary bibliographic metadata or PDF.,https://laertes.caam.rice.edu/tech_reports/2009/TR09-05.pdf,citation_author metadata / paper byline,documented,,
e12,author:sorensen-danny-c,deim-2009,authored,Author listed in primary bibliographic metadata or PDF.,https://laertes.caam.rice.edu/tech_reports/2009/TR09-05.pdf,citation_author metadata / paper byline,documented,,
e13,deim-2009,field:hyper-reduction,classified_in,Uses a reduced basis and selected entries to cheaply approximate nonlinear terms.,https://laertes.caam.rice.edu/tech_reports/2009/TR09-05.pdf,Curated classification based on abstract and stated task,curated_classification,,
e14,deim-2009,field:sampling,classified_in,Uses a reduced basis and selected entries to cheaply approximate nonlinear terms.,https://laertes.caam.rice.edu/tech_reports/2009/TR09-05.pdf,Curated classification based on abstract and stated task,curated_classification,,
e15,author:candes-emmanuel,stable-cs-2005,authored,Author listed in primary bibliographic metadata or PDF.,https://arxiv.org/abs/math/0503066,citation_author metadata / paper byline,documented,,
e16,author:romberg-justin,stable-cs-2005,authored,Author listed in primary bibliographic metadata or PDF.,https://arxiv.org/abs/math/0503066,citation_author metadata / paper byline,documented,,
e17,author:tao-terence,stable-cs-2005,authored,Author listed in primary bibliographic metadata or PDF.,https://arxiv.org/abs/math/0503066,citation_author metadata / paper byline,documented,,
e18,stable-cs-2005,field:compressed-sensing,classified_in,Establishes stable sparse-signal recovery from incomplete noisy linear measurements under conditions on the measurement matrix.,https://arxiv.org/abs/math/0503066,Curated classification based on abstract and stated task,curated_classification,,
e19,stable-cs-2005,field:theory,classified_in,Establishes stable sparse-signal recovery from incomplete noisy linear measurements under conditions on the measurement matrix.,https://arxiv.org/abs/math/0503066,Curated classification based on abstract and stated task,curated_classification,,
e20,author:heckel-reinhard,sparse-operators-2012,authored,Author listed in primary bibliographic metadata or PDF.,https://arxiv.org/abs/1209.5187,citation_author metadata / paper byline,documented,,
e21,author:bolcskei-helmut,sparse-operators-2012,authored,Author listed in primary bibliographic metadata or PDF.,https://arxiv.org/abs/1209.5187,citation_author metadata / paper byline,documented,,
e22,sparse-operators-2012,field:compressed-sensing,classified_in,Identifies structured linear operators from probing signals under conditions on their spreading-function support.,https://arxiv.org/abs/1209.5187,Curated classification based on abstract and stated task,curated_classification,,
e23,sparse-operators-2012,field:system-identification,classified_in,Identifies structured linear operators from probing signals under conditions on their spreading-function support.,https://arxiv.org/abs/1209.5187,Curated classification based on abstract and stated task,curated_classification,,
e24,author:brunton-steven-l,sindy-2015,authored,Author listed in primary bibliographic metadata or PDF.,https://arxiv.org/abs/1509.03580,citation_author metadata / paper byline,documented,,
e25,author:proctor-joshua-l,sindy-2015,authored,Author listed in primary bibliographic metadata or PDF.,https://arxiv.org/abs/1509.03580,citation_author metadata / paper byline,documented,,
e26,author:kutz-j-nathan,sindy-2015,authored,Author listed in primary bibliographic metadata or PDF.,https://arxiv.org/abs/1509.03580,citation_author metadata / paper byline,documented,,
e27,sindy-2015,field:compressed-sensing,classified_in,Fits sparse combinations of candidate nonlinear functions to discover dynamical equations from data.,https://arxiv.org/abs/1509.03580,Curated classification based on abstract and stated task,curated_classification,,
e28,sindy-2015,field:system-identification,classified_in,Fits sparse combinations of candidate nonlinear functions to discover dynamical equations from data.,https://arxiv.org/abs/1509.03580,Curated classification based on abstract and stated task,curated_classification,,
e29,author:adcock-ben,cs-polynomials-2017,authored,Author listed in primary bibliographic metadata or PDF.,https://arxiv.org/abs/1703.06987,citation_author metadata / paper byline,documented,,
e30,author:brugiapaglia-simone,cs-polynomials-2017,authored,Author listed in primary bibliographic metadata or PDF.,https://arxiv.org/abs/1703.06987,citation_author metadata / paper byline,documented,,
e31,author:webster-clayton-g,cs-polynomials-2017,authored,Author listed in primary bibliographic metadata or PDF.,https://arxiv.org/abs/1703.06987,citation_author metadata / paper byline,documented,,
e32,cs-polynomials-2017,field:compressed-sensing,classified_in,Reviews structured sparse polynomial approximation and weighted recovery for high-dimensional functions.,https://arxiv.org/abs/1703.06987,Curated classification based on abstract and stated task,curated_classification,,
e33,cs-polynomials-2017,field:sampling,classified_in,Reviews structured sparse polynomial approximation and weighted recovery for high-dimensional functions.,https://arxiv.org/abs/1703.06987,Curated classification based on abstract and stated task,curated_classification,,
e34,cs-polynomials-2017,field:theory,classified_in,Reviews structured sparse polynomial approximation and weighted recovery for high-dimensional functions.,https://arxiv.org/abs/1703.06987,Curated classification based on abstract and stated task,curated_classification,,
e35,author:bora-ashish,cs-generative-2017,authored,Author listed in primary bibliographic metadata or PDF.,https://arxiv.org/abs/1703.03208,citation_author metadata / paper byline,documented,,
e36,author:jalal-ajil,cs-generative-2017,authored,Author listed in primary bibliographic metadata or PDF.,https://arxiv.org/abs/1703.03208,citation_author metadata / paper byline,documented,,
e37,author:price-eric,cs-generative-2017,authored,Author listed in primary bibliographic metadata or PDF.,https://arxiv.org/abs/1703.03208,citation_author metadata / paper byline,documented,,
e38,author:dimakis-alexandros-g,cs-generative-2017,authored,Author listed in primary bibliographic metadata or PDF.,https://arxiv.org/abs/1703.03208,citation_author metadata / paper byline,documented,,
e39,cs-generative-2017,field:compressed-sensing,classified_in,Uses the range of a generative model as a prior for recovering signals from limited measurements.,https://arxiv.org/abs/1703.03208,Curated classification based on abstract and stated task,curated_classification,,
e40,cs-generative-2017,field:inverse-problems,classified_in,Uses the range of a generative model as a prior for recovering signals from limited measurements.,https://arxiv.org/abs/1703.03208,Curated classification based on abstract and stated task,curated_classification,,
e41,author:hernandez-j-a,ecm-2017,authored,Author listed in primary bibliographic metadata or PDF.,https://upcommons.upc.edu/handle/2117/91502?locale-attribute=en,citation_author metadata / paper byline,documented,,
e42,author:caicedo-m-a,ecm-2017,authored,Author listed in primary bibliographic metadata or PDF.,https://upcommons.upc.edu/handle/2117/91502?locale-attribute=en,citation_author metadata / paper byline,documented,,
e43,author:ferrer-a,ecm-2017,authored,Author listed in primary bibliographic metadata or PDF.,https://upcommons.upc.edu/handle/2117/91502?locale-attribute=en,citation_author metadata / paper byline,documented,,
e44,ecm-2017,field:quadrature,classified_in,Selects integration points and positive weights to reproduce reduced internal-force integrals in finite-element models.,https://upcommons.upc.edu/handle/2117/91502?locale-attribute=en,Curated classification based on abstract and stated task,curated_classification,,
e45,ecm-2017,field:hyper-reduction,classified_in,Selects integration points and positive weights to reproduce reduced internal-force integrals in finite-element models.,https://upcommons.upc.edu/handle/2117/91502?locale-attribute=en,Curated classification based on abstract and stated task,curated_classification,,
e46,author:ha-david,world-models-2018,authored,Author listed in primary bibliographic metadata or PDF.,https://arxiv.org/abs/1803.10122,citation_author metadata / paper byline,documented,,
e47,author:schmidhuber-jurgen,world-models-2018,authored,Author listed in primary bibliographic metadata or PDF.,https://arxiv.org/abs/1803.10122,citation_author metadata / paper byline,documented,,
e48,world-models-2018,field:world-models,classified_in,Learns a compact predictive environment model and trains a controller using that representation.,https://arxiv.org/abs/1803.10122,Curated classification based on abstract and stated task,curated_classification,,
e49,world-models-2018,field:control,classified_in,Learns a compact predictive environment model and trains a controller using that representation.,https://arxiv.org/abs/1803.10122,Curated classification based on abstract and stated task,curated_classification,,
e50,author:lu-lu,deeponet-2019,authored,Author listed in primary bibliographic metadata or PDF.,https://arxiv.org/abs/1910.03193,citation_author metadata / paper byline,documented,,
e51,author:jin-pengzhan,deeponet-2019,authored,Author listed in primary bibliographic metadata or PDF.,https://arxiv.org/abs/1910.03193,citation_author metadata / paper byline,documented,,
e52,author:karniadakis-george-em,deeponet-2019,authored,Author listed in primary bibliographic metadata or PDF.,https://arxiv.org/abs/1910.03193,citation_author metadata / paper byline,documented,,
e53,deeponet-2019,field:operator-learning,classified_in,Represents an operator using an input-function encoder and a coordinate-dependent output representation.,https://arxiv.org/abs/1910.03193,Curated classification based on abstract and stated task,curated_classification,,
e54,deeponet-2019,field:theory,classified_in,Represents an operator using an input-function encoder and a coordinate-dependent output representation.,https://arxiv.org/abs/1910.03193,Curated classification based on abstract and stated task,curated_classification,,
e55,author:li-zongyi,graph-kernel-2020,authored,Author listed in primary bibliographic metadata or PDF.,https://arxiv.org/abs/2003.03485,citation_author metadata / paper byline,documented,,
e56,author:kovachki-nikola,graph-kernel-2020,authored,Author listed in primary bibliographic metadata or PDF.,https://arxiv.org/abs/2003.03485,citation_author metadata / paper byline,documented,,
e57,author:azizzadenesheli-kamyar,graph-kernel-2020,authored,Author listed in primary bibliographic metadata or PDF.,https://arxiv.org/abs/2003.03485,citation_author metadata / paper byline,documented,,
e58,author:liu-burigede,graph-kernel-2020,authored,Author listed in primary bibliographic metadata or PDF.,https://arxiv.org/abs/2003.03485,citation_author metadata / paper byline,documented,,
e59,author:bhattacharya-kaushik,graph-kernel-2020,authored,Author listed in primary bibliographic metadata or PDF.,https://arxiv.org/abs/2003.03485,citation_author metadata / paper byline,documented,,
e60,author:stuart-andrew,graph-kernel-2020,authored,Author listed in primary bibliographic metadata or PDF.,https://arxiv.org/abs/2003.03485,citation_author metadata / paper byline,documented,,
e61,author:anandkumar-anima,graph-kernel-2020,authored,Author listed in primary bibliographic metadata or PDF.,https://arxiv.org/abs/2003.03485,citation_author metadata / paper byline,documented,,
e62,graph-kernel-2020,field:operator-learning,classified_in,Learns kernel interactions over spatial samples to approximate PDE solution maps.,https://arxiv.org/abs/2003.03485,Curated classification based on abstract and stated task,curated_classification,,
e63,graph-kernel-2020,field:graphs,classified_in,Learns kernel interactions over spatial samples to approximate PDE solution maps.,https://arxiv.org/abs/2003.03485,Curated classification based on abstract and stated task,curated_classification,,
e64,author:li-zongyi,fno-2020,authored,Author listed in primary bibliographic metadata or PDF.,https://arxiv.org/abs/2010.08895,citation_author metadata / paper byline,documented,,
e65,author:kovachki-nikola,fno-2020,authored,Author listed in primary bibliographic metadata or PDF.,https://arxiv.org/abs/2010.08895,citation_author metadata / paper byline,documented,,
e66,author:azizzadenesheli-kamyar,fno-2020,authored,Author listed in primary bibliographic metadata or PDF.,https://arxiv.org/abs/2010.08895,citation_author metadata / paper byline,documented,,
e67,author:liu-burigede,fno-2020,authored,Author listed in primary bibliographic metadata or PDF.,https://arxiv.org/abs/2010.08895,citation_author metadata / paper byline,documented,,
e68,author:bhattacharya-kaushik,fno-2020,authored,Author listed in primary bibliographic metadata or PDF.,https://arxiv.org/abs/2010.08895,citation_author metadata / paper byline,documented,,
e69,author:stuart-andrew,fno-2020,authored,Author listed in primary bibliographic metadata or PDF.,https://arxiv.org/abs/2010.08895,citation_author metadata / paper byline,documented,,
e70,author:anandkumar-anima,fno-2020,authored,Author listed in primary bibliographic metadata or PDF.,https://arxiv.org/abs/2010.08895,citation_author metadata / paper byline,documented,,
e71,fno-2020,field:operator-learning,classified_in,Learns global interactions through spectral transformations for families of PDE problems.,https://arxiv.org/abs/2010.08895,Curated classification based on abstract and stated task,curated_classification,,
e72,fno-2020,field:fourier,classified_in,Learns global interactions through spectral transformations for families of PDE problems.,https://arxiv.org/abs/2010.08895,Curated classification based on abstract and stated task,curated_classification,,
e73,fno-2020,field:fourier-neural-operators,classified_in,Learns global interactions through spectral transformations for families of PDE problems.,https://arxiv.org/abs/2010.08895,Curated classification based on abstract and stated task,curated_classification,,
e74,author:sanchez-gonzalez-alvaro,gns-2020,authored,Author listed in primary bibliographic metadata or PDF.,https://arxiv.org/abs/2002.09405,citation_author metadata / paper byline,documented,,
e75,author:godwin-jonathan,gns-2020,authored,Author listed in primary bibliographic metadata or PDF.,https://arxiv.org/abs/2002.09405,citation_author metadata / paper byline,documented,,
e76,author:pfaff-tobias,gns-2020,authored,Author listed in primary bibliographic metadata or PDF.,https://arxiv.org/abs/2002.09405,citation_author metadata / paper byline,documented,,
e77,author:ying-rex,gns-2020,authored,Author listed in primary bibliographic metadata or PDF.,https://arxiv.org/abs/2002.09405,citation_author metadata / paper byline,documented,,
e78,author:leskovec-jure,gns-2020,authored,Author listed in primary bibliographic metadata or PDF.,https://arxiv.org/abs/2002.09405,citation_author metadata / paper byline,documented,,
e79,author:battaglia-peter-w,gns-2020,authored,Author listed in primary bibliographic metadata or PDF.,https://arxiv.org/abs/2002.09405,citation_author metadata / paper byline,documented,,
e80,gns-2020,field:graphs,classified_in,Learns particle-based physical simulation across materials using graph-network interactions.,https://arxiv.org/abs/2002.09405,Curated classification based on abstract and stated task,curated_classification,,
e81,gns-2020,field:physical-simulation,classified_in,Learns particle-based physical simulation across materials using graph-network interactions.,https://arxiv.org/abs/2002.09405,Curated classification based on abstract and stated task,curated_classification,,
e82,gns-2020,field:world-models,classified_in,Learns particle-based physical simulation across materials using graph-network interactions.,https://arxiv.org/abs/2002.09405,Curated classification based on abstract and stated task,curated_classification,,
e83,author:kovachki-nikola,neural-operator-2021,authored,Author listed in primary bibliographic metadata or PDF.,https://arxiv.org/abs/2108.08481,citation_author metadata / paper byline,documented,,
e84,author:li-zongyi,neural-operator-2021,authored,Author listed in primary bibliographic metadata or PDF.,https://arxiv.org/abs/2108.08481,citation_author metadata / paper byline,documented,,
e85,author:liu-burigede,neural-operator-2021,authored,Author listed in primary bibliographic metadata or PDF.,https://arxiv.org/abs/2108.08481,citation_author metadata / paper byline,documented,,
e86,author:azizzadenesheli-kamyar,neural-operator-2021,authored,Author listed in primary bibliographic metadata or PDF.,https://arxiv.org/abs/2108.08481,citation_author metadata / paper byline,documented,,
e87,author:bhattacharya-kaushik,neural-operator-2021,authored,Author listed in primary bibliographic metadata or PDF.,https://arxiv.org/abs/2108.08481,citation_author metadata / paper byline,documented,,
e88,author:stuart-andrew,neural-operator-2021,authored,Author listed in primary bibliographic metadata or PDF.,https://arxiv.org/abs/2108.08481,citation_author metadata / paper byline,documented,,
e89,author:anandkumar-anima,neural-operator-2021,authored,Author listed in primary bibliographic metadata or PDF.,https://arxiv.org/abs/2108.08481,citation_author metadata / paper byline,documented,,
e90,neural-operator-2021,field:operator-learning,classified_in,"Develops a function-space framework, approximation theory, and several efficient operator parameterizations.",https://arxiv.org/abs/2108.08481,Curated classification based on abstract and stated task,curated_classification,,
e91,neural-operator-2021,field:theory,classified_in,"Develops a function-space framework, approximation theory, and several efficient operator parameterizations.",https://arxiv.org/abs/2108.08481,Curated classification based on abstract and stated task,curated_classification,,
e92,author:wen-gege,u-fno-2021,authored,Author listed in primary bibliographic metadata or PDF.,https://arxiv.org/abs/2109.03697,citation_author metadata / paper byline,documented,,
e93,author:li-zongyi,u-fno-2021,authored,Author listed in primary bibliographic metadata or PDF.,https://arxiv.org/abs/2109.03697,citation_author metadata / paper byline,documented,,
e94,author:azizzadenesheli-kamyar,u-fno-2021,authored,Author listed in primary bibliographic metadata or PDF.,https://arxiv.org/abs/2109.03697,citation_author metadata / paper byline,documented,,
e95,author:anandkumar-anima,u-fno-2021,authored,Author listed in primary bibliographic metadata or PDF.,https://arxiv.org/abs/2109.03697,citation_author metadata / paper byline,documented,,
e96,author:benson-sally-m,u-fno-2021,authored,Author listed in primary bibliographic metadata or PDF.,https://arxiv.org/abs/2109.03697,citation_author metadata / paper byline,documented,,
e97,u-fno-2021,field:operator-learning,classified_in,Combines U-Net-style processing with Fourier operator components for multiphase subsurface flow.,https://arxiv.org/abs/2109.03697,Curated classification based on abstract and stated task,curated_classification,,
e98,u-fno-2021,field:subsurface,classified_in,Combines U-Net-style processing with Fourier operator components for multiphase subsurface flow.,https://arxiv.org/abs/2109.03697,Curated classification based on abstract and stated task,curated_classification,,
e99,u-fno-2021,field:fourier-neural-operators,classified_in,Combines U-Net-style processing with Fourier operator components for multiphase subsurface flow.,https://arxiv.org/abs/2109.03697,Curated classification based on abstract and stated task,curated_classification,,
e100,author:yang-yan,seismic-2021,authored,Author listed in primary bibliographic metadata or PDF.,https://arxiv.org/abs/2108.05421,citation_author metadata / paper byline,documented,,
e101,author:gao-angela-f,seismic-2021,authored,Author listed in primary bibliographic metadata or PDF.,https://arxiv.org/abs/2108.05421,citation_author metadata / paper byline,documented,,
e102,author:castellanos-jorge-c,seismic-2021,authored,Author listed in primary bibliographic metadata or PDF.,https://arxiv.org/abs/2108.05421,citation_author metadata / paper byline,documented,,
e103,author:ross-zachary-e,seismic-2021,authored,Author listed in primary bibliographic metadata or PDF.,https://arxiv.org/abs/2108.05421,citation_author metadata / paper byline,documented,,
e104,author:azizzadenesheli-kamyar,seismic-2021,authored,Author listed in primary bibliographic metadata or PDF.,https://arxiv.org/abs/2108.05421,citation_author metadata / paper byline,documented,,
e105,author:clayton-robert-w,seismic-2021,authored,Author listed in primary bibliographic metadata or PDF.,https://arxiv.org/abs/2108.05421,citation_author metadata / paper byline,documented,,
e106,seismic-2021,field:operator-learning,classified_in,Studies neural-operator surrogates for wave propagation and seismic inversion.,https://arxiv.org/abs/2108.05421,Curated classification based on abstract and stated task,curated_classification,,
e107,seismic-2021,field:inverse-problems,classified_in,Studies neural-operator surrogates for wave propagation and seismic inversion.,https://arxiv.org/abs/2108.05421,Curated classification based on abstract and stated task,curated_classification,,
e108,seismic-2021,field:seismology,classified_in,Studies neural-operator surrogates for wave propagation and seismic inversion.,https://arxiv.org/abs/2108.05421,Curated classification based on abstract and stated task,curated_classification,,
e109,seismic-2021,field:fourier-neural-operators,classified_in,Studies neural-operator surrogates for wave propagation and seismic inversion.,https://arxiv.org/abs/2108.05421,Curated classification based on abstract and stated task,curated_classification,,
e110,author:pathak-jaideep,fourcastnet-2022,authored,Author listed in primary bibliographic metadata or PDF.,https://arxiv.org/abs/2202.11214,citation_author metadata / paper byline,documented,,
e111,author:subramanian-shashank,fourcastnet-2022,authored,Author listed in primary bibliographic metadata or PDF.,https://arxiv.org/abs/2202.11214,citation_author metadata / paper byline,documented,,
e112,author:harrington-peter,fourcastnet-2022,authored,Author listed in primary bibliographic metadata or PDF.,https://arxiv.org/abs/2202.11214,citation_author metadata / paper byline,documented,,
e113,author:raja-sanjeev,fourcastnet-2022,authored,Author listed in primary bibliographic metadata or PDF.,https://arxiv.org/abs/2202.11214,citation_author metadata / paper byline,documented,,
e114,author:chattopadhyay-ashesh,fourcastnet-2022,authored,Author listed in primary bibliographic metadata or PDF.,https://arxiv.org/abs/2202.11214,citation_author metadata / paper byline,documented,,
e115,author:mardani-morteza,fourcastnet-2022,authored,Author listed in primary bibliographic metadata or PDF.,https://arxiv.org/abs/2202.11214,citation_author metadata / paper byline,documented,,
e116,author:kurth-thorsten,fourcastnet-2022,authored,Author listed in primary bibliographic metadata or PDF.,https://arxiv.org/abs/2202.11214,citation_author metadata / paper byline,documented,,
e117,author:hall-david,fourcastnet-2022,authored,Author listed in primary bibliographic metadata or PDF.,https://arxiv.org/abs/2202.11214,citation_author metadata / paper byline,documented,,
e118,author:li-zongyi,fourcastnet-2022,authored,Author listed in primary bibliographic metadata or PDF.,https://arxiv.org/abs/2202.11214,citation_author metadata / paper byline,documented,,
e119,author:azizzadenesheli-kamyar,fourcastnet-2022,authored,Author listed in primary bibliographic metadata or PDF.,https://arxiv.org/abs/2202.11214,citation_author metadata / paper byline,documented,,
e120,author:hassanzadeh-pedram,fourcastnet-2022,authored,Author listed in primary bibliographic metadata or PDF.,https://arxiv.org/abs/2202.11214,citation_author metadata / paper byline,documented,,
e121,author:kashinath-karthik,fourcastnet-2022,authored,Author listed in primary bibliographic metadata or PDF.,https://arxiv.org/abs/2202.11214,citation_author metadata / paper byline,documented,,
e122,author:anandkumar-anima,fourcastnet-2022,authored,Author listed in primary bibliographic metadata or PDF.,https://arxiv.org/abs/2202.11214,citation_author metadata / paper byline,documented,,
e123,fourcastnet-2022,field:operator-learning,classified_in,Uses adaptive Fourier neural operators for global weather prediction and inexpensive ensembles.,https://arxiv.org/abs/2202.11214,Curated classification based on abstract and stated task,curated_classification,,
e124,fourcastnet-2022,field:weather,classified_in,Uses adaptive Fourier neural operators for global weather prediction and inexpensive ensembles.,https://arxiv.org/abs/2202.11214,Curated classification based on abstract and stated task,curated_classification,,
e125,fourcastnet-2022,field:fourier-neural-operators,classified_in,Uses adaptive Fourier neural operators for global weather prediction and inexpensive ensembles.,https://arxiv.org/abs/2202.11214,Curated classification based on abstract and stated task,curated_classification,,
e126,author:takamoto-makoto,pdebench-2022,authored,Author listed in primary bibliographic metadata or PDF.,https://arxiv.org/abs/2210.07182,citation_author metadata / paper byline,documented,,
e127,author:praditia-timothy,pdebench-2022,authored,Author listed in primary bibliographic metadata or PDF.,https://arxiv.org/abs/2210.07182,citation_author metadata / paper byline,documented,,
e128,author:leiteritz-raphael,pdebench-2022,authored,Author listed in primary bibliographic metadata or PDF.,https://arxiv.org/abs/2210.07182,citation_author metadata / paper byline,documented,,
e129,author:mackinlay-dan,pdebench-2022,authored,Author listed in primary bibliographic metadata or PDF.,https://arxiv.org/abs/2210.07182,citation_author metadata / paper byline,documented,,
e130,author:alesiani-francesco,pdebench-2022,authored,Author listed in primary bibliographic metadata or PDF.,https://arxiv.org/abs/2210.07182,citation_author metadata / paper byline,documented,,
e131,author:pfluger-dirk,pdebench-2022,authored,Author listed in primary bibliographic metadata or PDF.,https://arxiv.org/abs/2210.07182,citation_author metadata / paper byline,documented,,
e132,author:niepert-mathias,pdebench-2022,authored,Author listed in primary bibliographic metadata or PDF.,https://arxiv.org/abs/2210.07182,citation_author metadata / paper byline,documented,,
e133,pdebench-2022,field:benchmarks,classified_in,Provides multiple PDE datasets and baseline implementations for scientific machine learning.,https://arxiv.org/abs/2210.07182,Curated classification based on abstract and stated task,curated_classification,,
e134,pdebench-2022,field:physical-simulation,classified_in,Provides multiple PDE datasets and baseline implementations for scientific machine learning.,https://arxiv.org/abs/2210.07182,Curated classification based on abstract and stated task,curated_classification,,
e135,author:molinaro-roberto,nio-2023,authored,Author listed in primary bibliographic metadata or PDF.,https://arxiv.org/abs/2301.11167,citation_author metadata / paper byline,documented,,
e136,author:yang-yunan,nio-2023,authored,Author listed in primary bibliographic metadata or PDF.,https://arxiv.org/abs/2301.11167,citation_author metadata / paper byline,documented,,
e137,author:engquist-bjorn,nio-2023,authored,Author listed in primary bibliographic metadata or PDF.,https://arxiv.org/abs/2301.11167,citation_author metadata / paper byline,documented,,
e138,author:mishra-siddhartha,nio-2023,authored,Author listed in primary bibliographic metadata or PDF.,https://arxiv.org/abs/2301.11167,citation_author metadata / paper byline,documented,,
e139,nio-2023,field:operator-learning,classified_in,Combines operator-learning components for PDE inverse problems where observations encode an operator-valued measurement map.,https://arxiv.org/abs/2301.11167,Curated classification based on abstract and stated task,curated_classification,,
e140,nio-2023,field:inverse-problems,classified_in,Combines operator-learning components for PDE inverse problems where observations encode an operator-valued measurement map.,https://arxiv.org/abs/2301.11167,Curated classification based on abstract and stated task,curated_classification,,
e141,nio-2023,field:fourier-neural-operators,classified_in,Combines operator-learning components for PDE inverse problems where observations encode an operator-valued measurement map.,https://arxiv.org/abs/2301.11167,Curated classification based on abstract and stated task,curated_classification,,
e142,author:augenstein-yannick,em-design-2023,authored,Author listed in primary bibliographic metadata or PDF.,https://arxiv.org/abs/2302.01934,citation_author metadata / paper byline,documented,,
e143,author:repan-taavi,em-design-2023,authored,Author listed in primary bibliographic metadata or PDF.,https://arxiv.org/abs/2302.01934,citation_author metadata / paper byline,documented,,
e144,author:rockstuhl-carsten,em-design-2023,authored,Author listed in primary bibliographic metadata or PDF.,https://arxiv.org/abs/2302.01934,citation_author metadata / paper byline,documented,,
e145,em-design-2023,field:operator-learning,classified_in,Uses a neural-operator surrogate for repeated electromagnetic evaluation during inverse design.,https://arxiv.org/abs/2302.01934,Curated classification based on abstract and stated task,curated_classification,,
e146,em-design-2023,field:inverse-design,classified_in,Uses a neural-operator surrogate for repeated electromagnetic evaluation during inverse design.,https://arxiv.org/abs/2302.01934,Curated classification based on abstract and stated task,curated_classification,,
e147,em-design-2023,field:electromagnetics,classified_in,Uses a neural-operator surrogate for repeated electromagnetic evaluation during inverse design.,https://arxiv.org/abs/2302.01934,Curated classification based on abstract and stated task,curated_classification,,
e148,em-design-2023,field:fourier-neural-operators,classified_in,Uses a neural-operator surrogate for repeated electromagnetic evaluation during inverse design.,https://arxiv.org/abs/2302.01934,Curated classification based on abstract and stated task,curated_classification,,
e149,author:bonev-boris,sfno-2023,authored,Author listed in primary bibliographic metadata or PDF.,https://arxiv.org/abs/2306.03838,citation_author metadata / paper byline,documented,,
e150,author:kurth-thorsten,sfno-2023,authored,Author listed in primary bibliographic metadata or PDF.,https://arxiv.org/abs/2306.03838,citation_author metadata / paper byline,documented,,
e151,author:hundt-christian,sfno-2023,authored,Author listed in primary bibliographic metadata or PDF.,https://arxiv.org/abs/2306.03838,citation_author metadata / paper byline,documented,,
e152,author:pathak-jaideep,sfno-2023,authored,Author listed in primary bibliographic metadata or PDF.,https://arxiv.org/abs/2306.03838,citation_author metadata / paper byline,documented,,
e153,author:baust-maximilian,sfno-2023,authored,Author listed in primary bibliographic metadata or PDF.,https://arxiv.org/abs/2306.03838,citation_author metadata / paper byline,documented,,
e154,author:kashinath-karthik,sfno-2023,authored,Author listed in primary bibliographic metadata or PDF.,https://arxiv.org/abs/2306.03838,citation_author metadata / paper byline,documented,,
e155,author:anandkumar-anima,sfno-2023,authored,Author listed in primary bibliographic metadata or PDF.,https://arxiv.org/abs/2306.03838,citation_author metadata / paper byline,documented,,
e156,sfno-2023,field:operator-learning,classified_in,Adapts spectral operator computation to spherical geometry for atmospheric dynamics.,https://arxiv.org/abs/2306.03838,Curated classification based on abstract and stated task,curated_classification,,
e157,sfno-2023,field:weather,classified_in,Adapts spectral operator computation to spherical geometry for atmospheric dynamics.,https://arxiv.org/abs/2306.03838,Curated classification based on abstract and stated task,curated_classification,,
e158,sfno-2023,field:fourier,classified_in,Adapts spectral operator computation to spherical geometry for atmospheric dynamics.,https://arxiv.org/abs/2306.03838,Curated classification based on abstract and stated task,curated_classification,,
e159,sfno-2023,field:fourier-neural-operators,classified_in,Adapts spectral operator computation to spherical geometry for atmospheric dynamics.,https://arxiv.org/abs/2306.03838,Curated classification based on abstract and stated task,curated_classification,,
e160,author:qi-jie,pde-control-2023,authored,Author listed in primary bibliographic metadata or PDF.,https://arxiv.org/abs/2307.11436,citation_author metadata / paper byline,documented,,
e161,author:zhang-jing,pde-control-2023,authored,Author listed in primary bibliographic metadata or PDF.,https://arxiv.org/abs/2307.11436,citation_author metadata / paper byline,documented,,
e162,author:krstic-miroslav,pde-control-2023,authored,Author listed in primary bibliographic metadata or PDF.,https://arxiv.org/abs/2307.11436,citation_author metadata / paper byline,documented,,
e163,pde-control-2023,field:operator-learning,classified_in,Approximates a controller-design operator with DeepONet for a hyperbolic system with recycle and delay.,https://arxiv.org/abs/2307.11436,Curated classification based on abstract and stated task,curated_classification,,
e164,pde-control-2023,field:control,classified_in,Approximates a controller-design operator with DeepONet for a hyperbolic system with recycle and delay.,https://arxiv.org/abs/2307.11436,Curated classification based on abstract and stated task,curated_classification,,
e165,author:li-zongyi,gino-2023,authored,Author listed in primary bibliographic metadata or PDF.,https://arxiv.org/abs/2309.00583,citation_author metadata / paper byline,documented,,
e166,author:kovachki-nikola,gino-2023,authored,Author listed in primary bibliographic metadata or PDF.,https://arxiv.org/abs/2309.00583,citation_author metadata / paper byline,documented,,
e167,author:choy-chris,gino-2023,authored,Author listed in primary bibliographic metadata or PDF.,https://arxiv.org/abs/2309.00583,citation_author metadata / paper byline,documented,,
e168,author:li-boyi,gino-2023,authored,Author listed in primary bibliographic metadata or PDF.,https://arxiv.org/abs/2309.00583,citation_author metadata / paper byline,documented,,
e169,author:kossaifi-jean,gino-2023,authored,Author listed in primary bibliographic metadata or PDF.,https://arxiv.org/abs/2309.00583,citation_author metadata / paper byline,documented,,
e170,author:otta-shourya-prakash,gino-2023,authored,Author listed in primary bibliographic metadata or PDF.,https://arxiv.org/abs/2309.00583,citation_author metadata / paper byline,documented,,
e171,author:nabian-mohammad-amin,gino-2023,authored,Author listed in primary bibliographic metadata or PDF.,https://arxiv.org/abs/2309.00583,citation_author metadata / paper byline,documented,,
e172,author:stadler-maximilian,gino-2023,authored,Author listed in primary bibliographic metadata or PDF.,https://arxiv.org/abs/2309.00583,citation_author metadata / paper byline,documented,,
e173,author:hundt-christian,gino-2023,authored,Author listed in primary bibliographic metadata or PDF.,https://arxiv.org/abs/2309.00583,citation_author metadata / paper byline,documented,,
e174,author:azizzadenesheli-kamyar,gino-2023,authored,Author listed in primary bibliographic metadata or PDF.,https://arxiv.org/abs/2309.00583,citation_author metadata / paper byline,documented,,
e175,author:anandkumar-anima,gino-2023,authored,Author listed in primary bibliographic metadata or PDF.,https://arxiv.org/abs/2309.00583,citation_author metadata / paper byline,documented,,
e176,gino-2023,field:operator-learning,classified_in,Combines graph-based geometry handling with a regular latent Fourier grid for 3D aerodynamic prediction.,https://arxiv.org/abs/2309.00583,Curated classification based on abstract and stated task,curated_classification,,
e177,gino-2023,field:geometry,classified_in,Combines graph-based geometry handling with a regular latent Fourier grid for 3D aerodynamic prediction.,https://arxiv.org/abs/2309.00583,Curated classification based on abstract and stated task,curated_classification,,
e178,gino-2023,field:aerodynamics,classified_in,Combines graph-based geometry handling with a regular latent Fourier grid for 3D aerodynamic prediction.,https://arxiv.org/abs/2309.00583,Curated classification based on abstract and stated task,curated_classification,,
e179,gino-2023,field:fourier-neural-operators,classified_in,Combines graph-based geometry handling with a regular latent Fourier grid for 3D aerodynamic prediction.,https://arxiv.org/abs/2309.00583,Curated classification based on abstract and stated task,curated_classification,,
e180,author:hernandez-j-a,cecm-2023,authored,Author listed in primary bibliographic metadata or PDF.,https://arxiv.org/abs/2308.03877,citation_author metadata / paper byline,documented,,
e181,author:bravo-j-r,cecm-2023,authored,Author listed in primary bibliographic metadata or PDF.,https://arxiv.org/abs/2308.03877,citation_author metadata / paper byline,documented,,
e182,author:de-parga-s-ares,cecm-2023,authored,Author listed in primary bibliographic metadata or PDF.,https://arxiv.org/abs/2308.03877,citation_author metadata / paper byline,documented,,
e183,cecm-2023,field:quadrature,classified_in,Optimizes integration locations as well as weights to obtain small positive cubature rules.,https://arxiv.org/abs/2308.03877,Curated classification based on abstract and stated task,curated_classification,,
e184,cecm-2023,field:hyper-reduction,classified_in,Optimizes integration locations as well as weights to obtain small positive cubature rules.,https://arxiv.org/abs/2308.03877,Curated classification based on abstract and stated task,curated_classification,,
e185,author:hafner-danijar,dreamerv3-2023,authored,Author listed in primary bibliographic metadata or PDF.,https://arxiv.org/abs/2301.04104,citation_author metadata / paper byline,documented,,
e186,author:pasukonis-jurgis,dreamerv3-2023,authored,Author listed in primary bibliographic metadata or PDF.,https://arxiv.org/abs/2301.04104,citation_author metadata / paper byline,documented,,
e187,author:ba-jimmy,dreamerv3-2023,authored,Author listed in primary bibliographic metadata or PDF.,https://arxiv.org/abs/2301.04104,citation_author metadata / paper byline,documented,,
e188,author:lillicrap-timothy,dreamerv3-2023,authored,Author listed in primary bibliographic metadata or PDF.,https://arxiv.org/abs/2301.04104,citation_author metadata / paper byline,documented,,
e189,dreamerv3-2023,field:world-models,classified_in,Learns latent dynamics and improves an actor through imagined trajectories across control domains.,https://arxiv.org/abs/2301.04104,Curated classification based on abstract and stated task,curated_classification,,
e190,dreamerv3-2023,field:control,classified_in,Learns latent dynamics and improves an actor through imagined trajectories across control domains.,https://arxiv.org/abs/2301.04104,Curated classification based on abstract and stated task,curated_classification,,
e191,author:adcock-ben,optimal-sampling-2024,authored,Author listed in primary bibliographic metadata or PDF.,https://arxiv.org/abs/2409.02342,citation_author metadata / paper byline,documented,,
e192,optimal-sampling-2024,field:sampling,classified_in,Explains weighted least-squares sampling strategies tied to the approximation space through Christoffel functions.,https://arxiv.org/abs/2409.02342,Curated classification based on abstract and stated task,curated_classification,,
e193,optimal-sampling-2024,field:theory,classified_in,Explains weighted least-squares sampling strategies tied to the approximation space through Christoffel functions.,https://arxiv.org/abs/2409.02342,Curated classification based on abstract and stated task,curated_classification,,
e194,author:adcock-ben,operator-sampling-2024,authored,Author listed in primary bibliographic metadata or PDF.,https://arxiv.org/abs/2410.23440,citation_author metadata / paper byline,documented,,
e195,author:griebel-michael,operator-sampling-2024,authored,Author listed in primary bibliographic metadata or PDF.,https://arxiv.org/abs/2410.23440,citation_author metadata / paper byline,documented,,
e196,author:maier-gregor,operator-sampling-2024,authored,Author listed in primary bibliographic metadata or PDF.,https://arxiv.org/abs/2410.23440,citation_author metadata / paper byline,documented,,
e197,operator-sampling-2024,field:sampling,classified_in,"Analyzes information limits for learning Lipschitz operators under Gaussian measures, including adaptive linear samples.",https://arxiv.org/abs/2410.23440,Curated classification based on abstract and stated task,curated_classification,,
e198,operator-sampling-2024,field:operator-learning,classified_in,"Analyzes information limits for learning Lipschitz operators under Gaussian measures, including adaptive linear samples.",https://arxiv.org/abs/2410.23440,Curated classification based on abstract and stated task,curated_classification,,
e199,operator-sampling-2024,field:theory,classified_in,"Analyzes information limits for learning Lipschitz operators under Gaussian measures, including adaptive linear samples.",https://arxiv.org/abs/2410.23440,Curated classification based on abstract and stated task,curated_classification,,
e200,author:adcock-ben,nonlinear-sampling-2024,authored,Author listed in primary bibliographic metadata or PDF.,https://proceedings.mlr.press/v235/adcock24a.html,citation_author metadata / paper byline,documented,,
e201,author:cardenas-juan-m,nonlinear-sampling-2024,authored,Author listed in primary bibliographic metadata or PDF.,https://proceedings.mlr.press/v235/adcock24a.html,citation_author metadata / paper byline,documented,,
e202,author:dexter-nick,nonlinear-sampling-2024,authored,Author listed in primary bibliographic metadata or PDF.,https://proceedings.mlr.press/v235/adcock24a.html,citation_author metadata / paper byline,documented,,
e203,nonlinear-sampling-2024,field:sampling,classified_in,"Unifies learning from linear samples for nonlinear model classes, including compressed sensing and active regression.",https://proceedings.mlr.press/v235/adcock24a.html,Curated classification based on abstract and stated task,curated_classification,,
e204,nonlinear-sampling-2024,field:compressed-sensing,classified_in,"Unifies learning from linear samples for nonlinear model classes, including compressed sensing and active regression.",https://proceedings.mlr.press/v235/adcock24a.html,Curated classification based on abstract and stated task,curated_classification,,
e205,nonlinear-sampling-2024,field:theory,classified_in,"Unifies learning from linear samples for nonlinear model classes, including compressed sensing and active regression.",https://proceedings.mlr.press/v235/adcock24a.html,Curated classification based on abstract and stated task,curated_classification,,
e206,author:lanthaler-samuel,fno-discretization-2024,authored,Author listed in primary bibliographic metadata or PDF.,https://arxiv.org/abs/2405.02221,citation_author metadata / paper byline,documented,,
e207,author:stuart-andrew,fno-discretization-2024,authored,Author listed in primary bibliographic metadata or PDF.,https://arxiv.org/abs/2405.02221,citation_author metadata / paper byline,documented,,
e208,author:trautner-margaret,fno-discretization-2024,authored,Author listed in primary bibliographic metadata or PDF.,https://arxiv.org/abs/2405.02221,citation_author metadata / paper byline,documented,,
e209,fno-discretization-2024,field:quadrature,classified_in,Analyzes errors introduced when a continuous Fourier neural operator is evaluated on a finite grid.,https://arxiv.org/abs/2405.02221,Curated classification based on abstract and stated task,curated_classification,,
e210,fno-discretization-2024,field:operator-learning,classified_in,Analyzes errors introduced when a continuous Fourier neural operator is evaluated on a finite grid.,https://arxiv.org/abs/2405.02221,Curated classification based on abstract and stated task,curated_classification,,
e211,fno-discretization-2024,field:theory,classified_in,Analyzes errors introduced when a continuous Fourier neural operator is evaluated on a finite grid.,https://arxiv.org/abs/2405.02221,Curated classification based on abstract and stated task,curated_classification,,
e212,fno-discretization-2024,field:fourier-neural-operators,classified_in,Analyzes errors introduced when a continuous Fourier neural operator is evaluated on a finite grid.,https://arxiv.org/abs/2405.02221,Curated classification based on abstract and stated task,curated_classification,,
e213,author:herde-maximilian,poseidon-2024,authored,Author listed in primary bibliographic metadata or PDF.,https://arxiv.org/abs/2405.19101,citation_author metadata / paper byline,documented,,
e214,author:raonic-bogdan,poseidon-2024,authored,Author listed in primary bibliographic metadata or PDF.,https://arxiv.org/abs/2405.19101,citation_author metadata / paper byline,documented,,
e215,author:rohner-tobias,poseidon-2024,authored,Author listed in primary bibliographic metadata or PDF.,https://arxiv.org/abs/2405.19101,citation_author metadata / paper byline,documented,,
e216,author:kappeli-roger,poseidon-2024,authored,Author listed in primary bibliographic metadata or PDF.,https://arxiv.org/abs/2405.19101,citation_author metadata / paper byline,documented,,
e217,author:molinaro-roberto,poseidon-2024,authored,Author listed in primary bibliographic metadata or PDF.,https://arxiv.org/abs/2405.19101,citation_author metadata / paper byline,documented,,
e218,author:de-bezenac-emmanuel,poseidon-2024,authored,Author listed in primary bibliographic metadata or PDF.,https://arxiv.org/abs/2405.19101,citation_author metadata / paper byline,documented,,
e219,author:mishra-siddhartha,poseidon-2024,authored,Author listed in primary bibliographic metadata or PDF.,https://arxiv.org/abs/2405.19101,citation_author metadata / paper byline,documented,,
e220,poseidon-2024,field:operator-learning,classified_in,Pretrains a PDE model and adapts it to downstream physical problems.,https://arxiv.org/abs/2405.19101,Curated classification based on abstract and stated task,curated_classification,,
e221,poseidon-2024,field:foundation-models,classified_in,Pretrains a PDE model and adapts it to downstream physical problems.,https://arxiv.org/abs/2405.19101,Curated classification based on abstract and stated task,curated_classification,,
e222,author:lowery-matthew,kno-2024,authored,Author listed in primary bibliographic metadata or PDF.,https://arxiv.org/abs/2407.00809,citation_author metadata / paper byline,documented,,
e223,author:turnage-john,kno-2024,authored,Author listed in primary bibliographic metadata or PDF.,https://arxiv.org/abs/2407.00809,citation_author metadata / paper byline,documented,,
e224,author:morrow-zachary,kno-2024,authored,Author listed in primary bibliographic metadata or PDF.,https://arxiv.org/abs/2407.00809,citation_author metadata / paper byline,documented,,
e225,author:jakeman-john-d,kno-2024,authored,Author listed in primary bibliographic metadata or PDF.,https://arxiv.org/abs/2407.00809,citation_author metadata / paper byline,documented,,
e226,author:narayan-akil,kno-2024,authored,Author listed in primary bibliographic metadata or PDF.,https://arxiv.org/abs/2407.00809,citation_author metadata / paper byline,documented,,
e227,author:zhe-shandian,kno-2024,authored,Author listed in primary bibliographic metadata or PDF.,https://arxiv.org/abs/2407.00809,citation_author metadata / paper byline,documented,,
e228,author:shankar-varun,kno-2024,authored,Author listed in primary bibliographic metadata or PDF.,https://arxiv.org/abs/2407.00809,citation_author metadata / paper byline,documented,,
e229,kno-2024,field:quadrature,classified_in,Separates trainable kernel design from quadrature and supports geometrically flexible integral-operator computation.,https://arxiv.org/abs/2407.00809,Curated classification based on abstract and stated task,curated_classification,,
e230,kno-2024,field:operator-learning,classified_in,Separates trainable kernel design from quadrature and supports geometrically flexible integral-operator computation.,https://arxiv.org/abs/2407.00809,Curated classification based on abstract and stated task,curated_classification,,
e231,kno-2024,field:efficiency,classified_in,Separates trainable kernel design from quadrature and supports geometrically flexible integral-operator computation.,https://arxiv.org/abs/2407.00809,Curated classification based on abstract and stated task,curated_classification,,
e232,author:ohana-ruben,well-2024,authored,Author listed in primary bibliographic metadata or PDF.,https://arxiv.org/abs/2412.00568,citation_author metadata / paper byline,documented,,
e233,author:mccabe-michael,well-2024,authored,Author listed in primary bibliographic metadata or PDF.,https://arxiv.org/abs/2412.00568,citation_author metadata / paper byline,documented,,
e234,author:meyer-lucas,well-2024,authored,Author listed in primary bibliographic metadata or PDF.,https://arxiv.org/abs/2412.00568,citation_author metadata / paper byline,documented,,
e235,author:morel-rudy,well-2024,authored,Author listed in primary bibliographic metadata or PDF.,https://arxiv.org/abs/2412.00568,citation_author metadata / paper byline,documented,,
e236,author:agocs-fruzsina-j,well-2024,authored,Author listed in primary bibliographic metadata or PDF.,https://arxiv.org/abs/2412.00568,citation_author metadata / paper byline,documented,,
e237,author:beneitez-miguel,well-2024,authored,Author listed in primary bibliographic metadata or PDF.,https://arxiv.org/abs/2412.00568,citation_author metadata / paper byline,documented,,
e238,author:berger-marsha,well-2024,authored,Author listed in primary bibliographic metadata or PDF.,https://arxiv.org/abs/2412.00568,citation_author metadata / paper byline,documented,,
e239,author:burkhart-blakesley,well-2024,authored,Author listed in primary bibliographic metadata or PDF.,https://arxiv.org/abs/2412.00568,citation_author metadata / paper byline,documented,,
e240,author:burns-keaton,well-2024,authored,Author listed in primary bibliographic metadata or PDF.,https://arxiv.org/abs/2412.00568,citation_author metadata / paper byline,documented,,
e241,author:dalziel-stuart-b,well-2024,authored,Author listed in primary bibliographic metadata or PDF.,https://arxiv.org/abs/2412.00568,citation_author metadata / paper byline,documented,,
e242,author:fielding-drummond-b,well-2024,authored,Author listed in primary bibliographic metadata or PDF.,https://arxiv.org/abs/2412.00568,citation_author metadata / paper byline,documented,,
e243,author:fortunato-daniel,well-2024,authored,Author listed in primary bibliographic metadata or PDF.,https://arxiv.org/abs/2412.00568,citation_author metadata / paper byline,documented,,
e244,author:goldberg-jared-a,well-2024,authored,Author listed in primary bibliographic metadata or PDF.,https://arxiv.org/abs/2412.00568,citation_author metadata / paper byline,documented,,
e245,author:hirashima-keiya,well-2024,authored,Author listed in primary bibliographic metadata or PDF.,https://arxiv.org/abs/2412.00568,citation_author metadata / paper byline,documented,,
e246,author:jiang-yan-fei,well-2024,authored,Author listed in primary bibliographic metadata or PDF.,https://arxiv.org/abs/2412.00568,citation_author metadata / paper byline,documented,,
e247,author:kerswell-rich-r,well-2024,authored,Author listed in primary bibliographic metadata or PDF.,https://arxiv.org/abs/2412.00568,citation_author metadata / paper byline,documented,,
e248,author:maddu-suryanarayana,well-2024,authored,Author listed in primary bibliographic metadata or PDF.,https://arxiv.org/abs/2412.00568,citation_author metadata / paper byline,documented,,
e249,author:miller-jonah,well-2024,authored,Author listed in primary bibliographic metadata or PDF.,https://arxiv.org/abs/2412.00568,citation_author metadata / paper byline,documented,,
e250,author:mukhopadhyay-payel,well-2024,authored,Author listed in primary bibliographic metadata or PDF.,https://arxiv.org/abs/2412.00568,citation_author metadata / paper byline,documented,,
e251,author:nixon-stefan-s,well-2024,authored,Author listed in primary bibliographic metadata or PDF.,https://arxiv.org/abs/2412.00568,citation_author metadata / paper byline,documented,,
e252,author:shen-jeff,well-2024,authored,Author listed in primary bibliographic metadata or PDF.,https://arxiv.org/abs/2412.00568,citation_author metadata / paper byline,documented,,
e253,author:watteaux-romain,well-2024,authored,Author listed in primary bibliographic metadata or PDF.,https://arxiv.org/abs/2412.00568,citation_author metadata / paper byline,documented,,
e254,author:blancard-bruno-regaldo-saint,well-2024,authored,Author listed in primary bibliographic metadata or PDF.,https://arxiv.org/abs/2412.00568,citation_author metadata / paper byline,documented,,
e255,author:rozet-francois,well-2024,authored,Author listed in primary bibliographic metadata or PDF.,https://arxiv.org/abs/2412.00568,citation_author metadata / paper byline,documented,,
e256,author:parker-liam-h,well-2024,authored,Author listed in primary bibliographic metadata or PDF.,https://arxiv.org/abs/2412.00568,citation_author metadata / paper byline,documented,,
e257,author:cranmer-miles,well-2024,authored,Author listed in primary bibliographic metadata or PDF.,https://arxiv.org/abs/2412.00568,citation_author metadata / paper byline,documented,,
e258,author:ho-shirley,well-2024,authored,Author listed in primary bibliographic metadata or PDF.,https://arxiv.org/abs/2412.00568,citation_author metadata / paper byline,documented,,
e259,well-2024,field:benchmarks,classified_in,Collects diverse spatiotemporal physical simulations with a common learning interface.,https://arxiv.org/abs/2412.00568,Curated classification based on abstract and stated task,curated_classification,,
e260,well-2024,field:physical-simulation,classified_in,Collects diverse spatiotemporal physical simulations with a common learning interface.,https://arxiv.org/abs/2412.00568,Curated classification based on abstract and stated task,curated_classification,,
e261,author:matada-sharath,pno-2024,authored,Author listed in primary bibliographic metadata or PDF.,https://arxiv.org/abs/2410.17547,citation_author metadata / paper byline,documented,,
e262,author:bhan-luke,pno-2024,authored,Author listed in primary bibliographic metadata or PDF.,https://arxiv.org/abs/2410.17547,citation_author metadata / paper byline,documented,,
e263,author:shi-yuanyuan,pno-2024,authored,Author listed in primary bibliographic metadata or PDF.,https://arxiv.org/abs/2410.17547,citation_author metadata / paper byline,documented,,
e264,author:atanasov-nikolay,pno-2024,authored,Author listed in primary bibliographic metadata or PDF.,https://arxiv.org/abs/2410.17547,citation_author metadata / paper byline,documented,,
e265,pno-2024,field:operator-learning,classified_in,"Learns the map from spatial cost functions to motion-planning value functions, motivated by an Eikonal PDE.",https://arxiv.org/abs/2410.17547,Curated classification based on abstract and stated task,curated_classification,,
e266,pno-2024,field:robotics,classified_in,"Learns the map from spatial cost functions to motion-planning value functions, motivated by an Eikonal PDE.",https://arxiv.org/abs/2410.17547,Curated classification based on abstract and stated task,curated_classification,,
e267,pno-2024,field:planning,classified_in,"Learns the map from spatial cost functions to motion-planning value functions, motivated by an Eikonal PDE.",https://arxiv.org/abs/2410.17547,Curated classification based on abstract and stated task,curated_classification,,
e268,author:kim-minjung,nfm-2024,authored,Author listed in primary bibliographic metadata or PDF.,https://arxiv.org/abs/2410.04703,citation_author metadata / paper byline,documented,,
e269,author:hioka-yusuke,nfm-2024,authored,Author listed in primary bibliographic metadata or PDF.,https://arxiv.org/abs/2410.04703,citation_author metadata / paper byline,documented,,
e270,author:witbrock-michael,nfm-2024,authored,Author listed in primary bibliographic metadata or PDF.,https://arxiv.org/abs/2410.04703,citation_author metadata / paper byline,documented,,
e271,nfm-2024,field:time-series,classified_in,"Models time series in the frequency domain, including evaluation under changed sampling rates.",https://arxiv.org/abs/2410.04703,Curated classification based on abstract and stated task,curated_classification,,
e272,nfm-2024,field:fourier,classified_in,"Models time series in the frequency domain, including evaluation under changed sampling rates.",https://arxiv.org/abs/2410.04703,Curated classification based on abstract and stated task,curated_classification,,
e273,author:kossaifi-jean,neuralop-library-2024,authored,Author listed in primary bibliographic metadata or PDF.,https://arxiv.org/abs/2412.10354,citation_author metadata / paper byline,documented,,
e274,author:kovachki-nikola,neuralop-library-2024,authored,Author listed in primary bibliographic metadata or PDF.,https://arxiv.org/abs/2412.10354,citation_author metadata / paper byline,documented,,
e275,author:li-zongyi,neuralop-library-2024,authored,Author listed in primary bibliographic metadata or PDF.,https://arxiv.org/abs/2412.10354,citation_author metadata / paper byline,documented,,
e276,author:pitt-david,neuralop-library-2024,authored,Author listed in primary bibliographic metadata or PDF.,https://arxiv.org/abs/2412.10354,citation_author metadata / paper byline,documented,,
e277,author:liu-schiaffini-miguel,neuralop-library-2024,authored,Author listed in primary bibliographic metadata or PDF.,https://arxiv.org/abs/2412.10354,citation_author metadata / paper byline,documented,,
e278,author:george-robert-joseph,neuralop-library-2024,authored,Author listed in primary bibliographic metadata or PDF.,https://arxiv.org/abs/2412.10354,citation_author metadata / paper byline,documented,,
e279,author:bonev-boris,neuralop-library-2024,authored,Author listed in primary bibliographic metadata or PDF.,https://arxiv.org/abs/2412.10354,citation_author metadata / paper byline,documented,,
e280,author:azizzadenesheli-kamyar,neuralop-library-2024,authored,Author listed in primary bibliographic metadata or PDF.,https://arxiv.org/abs/2412.10354,citation_author metadata / paper byline,documented,,
e281,author:berner-julius,neuralop-library-2024,authored,Author listed in primary bibliographic metadata or PDF.,https://arxiv.org/abs/2412.10354,citation_author metadata / paper byline,documented,,
e282,author:duruisseaux-valentin,neuralop-library-2024,authored,Author listed in primary bibliographic metadata or PDF.,https://arxiv.org/abs/2412.10354,citation_author metadata / paper byline,documented,,
e283,author:anandkumar-anima,neuralop-library-2024,authored,Author listed in primary bibliographic metadata or PDF.,https://arxiv.org/abs/2412.10354,citation_author metadata / paper byline,documented,,
e284,neuralop-library-2024,field:operator-learning,classified_in,Provides implementations and training infrastructure for neural operator architectures.,https://arxiv.org/abs/2412.10354,Curated classification based on abstract and stated task,curated_classification,,
e285,neuralop-library-2024,field:software,classified_in,Provides implementations and training infrastructure for neural operator architectures.,https://arxiv.org/abs/2412.10354,Curated classification based on abstract and stated task,curated_classification,,
e286,author:kumar-avisha,ultrasound-2024,authored,Author listed in primary bibliographic metadata or PDF.,https://arxiv.org/abs/2412.16118,citation_author metadata / paper byline,documented,,
e287,author:zhi-xuzhe,ultrasound-2024,authored,Author listed in primary bibliographic metadata or PDF.,https://arxiv.org/abs/2412.16118,citation_author metadata / paper byline,documented,,
e288,author:ahmad-zan,ultrasound-2024,authored,Author listed in primary bibliographic metadata or PDF.,https://arxiv.org/abs/2412.16118,citation_author metadata / paper byline,documented,,
e289,author:yin-minglang,ultrasound-2024,authored,Author listed in primary bibliographic metadata or PDF.,https://arxiv.org/abs/2412.16118,citation_author metadata / paper byline,documented,,
e290,author:manbachi-amir,ultrasound-2024,authored,Author listed in primary bibliographic metadata or PDF.,https://arxiv.org/abs/2412.16118,citation_author metadata / paper byline,documented,,
e291,ultrasound-2024,field:operator-learning,classified_in,Predicts acoustic pressure fields for heterogeneous spinal-cord anatomy using a DeepONet surrogate.,https://arxiv.org/abs/2412.16118,Curated classification based on abstract and stated task,curated_classification,,
e292,ultrasound-2024,field:biomedicine,classified_in,Predicts acoustic pressure fields for heterogeneous spinal-cord anatomy using a DeepONet surrogate.,https://arxiv.org/abs/2412.16118,Curated classification based on abstract and stated task,curated_classification,,
e293,ultrasound-2024,field:acoustics,classified_in,Predicts acoustic pressure fields for heterogeneous spinal-cord anatomy using a DeepONet surrogate.,https://arxiv.org/abs/2412.16118,Curated classification based on abstract and stated task,curated_classification,,
e294,author:wan-ruyin,deepvivonet-2025,authored,Author listed in primary bibliographic metadata or PDF.,https://arxiv.org/abs/2501.04105,citation_author metadata / paper byline,documented,,
e295,author:kharazmi-ehsan,deepvivonet-2025,authored,Author listed in primary bibliographic metadata or PDF.,https://arxiv.org/abs/2501.04105,citation_author metadata / paper byline,documented,,
e296,author:triantafyllou-michael-s,deepvivonet-2025,authored,Author listed in primary bibliographic metadata or PDF.,https://arxiv.org/abs/2501.04105,citation_author metadata / paper byline,documented,,
e297,author:karniadakis-george-em,deepvivonet-2025,authored,Author listed in primary bibliographic metadata or PDF.,https://arxiv.org/abs/2501.04105,citation_author metadata / paper byline,documented,,
e298,deepvivonet-2025,field:operator-learning,classified_in,"Uses marine-riser field data for sparse reconstruction and forecasting, then optimizes sensor placement with an outer loop.",https://arxiv.org/abs/2501.04105,Curated classification based on abstract and stated task,curated_classification,,
e299,deepvivonet-2025,field:sampling,classified_in,"Uses marine-riser field data for sparse reconstruction and forecasting, then optimizes sensor placement with an outer loop.",https://arxiv.org/abs/2501.04105,Curated classification based on abstract and stated task,curated_classification,,
e300,deepvivonet-2025,field:structural-monitoring,classified_in,"Uses marine-riser field data for sparse reconstruction and forecasting, then optimizes sensor placement with an outer loop.",https://arxiv.org/abs/2501.04105,Curated classification based on abstract and stated task,curated_classification,,
e301,author:assran-mido,vjepa2-2025,authored,Author listed in primary bibliographic metadata or PDF.,https://arxiv.org/abs/2506.09985,citation_author metadata / paper byline,documented,,
e302,author:bardes-adrien,vjepa2-2025,authored,Author listed in primary bibliographic metadata or PDF.,https://arxiv.org/abs/2506.09985,citation_author metadata / paper byline,documented,,
e303,author:fan-david,vjepa2-2025,authored,Author listed in primary bibliographic metadata or PDF.,https://arxiv.org/abs/2506.09985,citation_author metadata / paper byline,documented,,
e304,author:garrido-quentin,vjepa2-2025,authored,Author listed in primary bibliographic metadata or PDF.,https://arxiv.org/abs/2506.09985,citation_author metadata / paper byline,documented,,
e305,author:howes-russell,vjepa2-2025,authored,Author listed in primary bibliographic metadata or PDF.,https://arxiv.org/abs/2506.09985,citation_author metadata / paper byline,documented,,
e306,author:mojtaba,vjepa2-2025,authored,Author listed in primary bibliographic metadata or PDF.,https://arxiv.org/abs/2506.09985,citation_author metadata / paper byline,documented,,
e307,author:komeili,vjepa2-2025,authored,Author listed in primary bibliographic metadata or PDF.,https://arxiv.org/abs/2506.09985,citation_author metadata / paper byline,documented,,
e308,author:muckley-matthew,vjepa2-2025,authored,Author listed in primary bibliographic metadata or PDF.,https://arxiv.org/abs/2506.09985,citation_author metadata / paper byline,documented,,
e309,author:rizvi-ammar,vjepa2-2025,authored,Author listed in primary bibliographic metadata or PDF.,https://arxiv.org/abs/2506.09985,citation_author metadata / paper byline,documented,,
e310,author:roberts-claire,vjepa2-2025,authored,Author listed in primary bibliographic metadata or PDF.,https://arxiv.org/abs/2506.09985,citation_author metadata / paper byline,documented,,
e311,author:sinha-koustuv,vjepa2-2025,authored,Author listed in primary bibliographic metadata or PDF.,https://arxiv.org/abs/2506.09985,citation_author metadata / paper byline,documented,,
e312,author:zholus-artem,vjepa2-2025,authored,Author listed in primary bibliographic metadata or PDF.,https://arxiv.org/abs/2506.09985,citation_author metadata / paper byline,documented,,
e313,author:arnaud-sergio,vjepa2-2025,authored,Author listed in primary bibliographic metadata or PDF.,https://arxiv.org/abs/2506.09985,citation_author metadata / paper byline,documented,,
e314,author:gejji-abha,vjepa2-2025,authored,Author listed in primary bibliographic metadata or PDF.,https://arxiv.org/abs/2506.09985,citation_author metadata / paper byline,documented,,
e315,author:martin-ada,vjepa2-2025,authored,Author listed in primary bibliographic metadata or PDF.,https://arxiv.org/abs/2506.09985,citation_author metadata / paper byline,documented,,
e316,author:hogan-francois-robert,vjepa2-2025,authored,Author listed in primary bibliographic metadata or PDF.,https://arxiv.org/abs/2506.09985,citation_author metadata / paper byline,documented,,
e317,author:dugas-daniel,vjepa2-2025,authored,Author listed in primary bibliographic metadata or PDF.,https://arxiv.org/abs/2506.09985,citation_author metadata / paper byline,documented,,
e318,author:bojanowski-piotr,vjepa2-2025,authored,Author listed in primary bibliographic metadata or PDF.,https://arxiv.org/abs/2506.09985,citation_author metadata / paper byline,documented,,
e319,author:khalidov-vasil,vjepa2-2025,authored,Author listed in primary bibliographic metadata or PDF.,https://arxiv.org/abs/2506.09985,citation_author metadata / paper byline,documented,,
e320,author:labatut-patrick,vjepa2-2025,authored,Author listed in primary bibliographic metadata or PDF.,https://arxiv.org/abs/2506.09985,citation_author metadata / paper byline,documented,,
e321,author:massa-francisco,vjepa2-2025,authored,Author listed in primary bibliographic metadata or PDF.,https://arxiv.org/abs/2506.09985,citation_author metadata / paper byline,documented,,
e322,author:szafraniec-marc,vjepa2-2025,authored,Author listed in primary bibliographic metadata or PDF.,https://arxiv.org/abs/2506.09985,citation_author metadata / paper byline,documented,,
e323,author:krishnakumar-kapil,vjepa2-2025,authored,Author listed in primary bibliographic metadata or PDF.,https://arxiv.org/abs/2506.09985,citation_author metadata / paper byline,documented,,
e324,author:li-yong,vjepa2-2025,authored,Author listed in primary bibliographic metadata or PDF.,https://arxiv.org/abs/2506.09985,citation_author metadata / paper byline,documented,,
e325,author:ma-xiaodong,vjepa2-2025,authored,Author listed in primary bibliographic metadata or PDF.,https://arxiv.org/abs/2506.09985,citation_author metadata / paper byline,documented,,
e326,author:chandar-sarath,vjepa2-2025,authored,Author listed in primary bibliographic metadata or PDF.,https://arxiv.org/abs/2506.09985,citation_author metadata / paper byline,documented,,
e327,author:meier-franziska,vjepa2-2025,authored,Author listed in primary bibliographic metadata or PDF.,https://arxiv.org/abs/2506.09985,citation_author metadata / paper byline,documented,,
e328,author:lecun-yann,vjepa2-2025,authored,Author listed in primary bibliographic metadata or PDF.,https://arxiv.org/abs/2506.09985,citation_author metadata / paper byline,documented,,
e329,author:rabbat-michael,vjepa2-2025,authored,Author listed in primary bibliographic metadata or PDF.,https://arxiv.org/abs/2506.09985,citation_author metadata / paper byline,documented,,
e330,author:ballas-nicolas,vjepa2-2025,authored,Author listed in primary bibliographic metadata or PDF.,https://arxiv.org/abs/2506.09985,citation_author metadata / paper byline,documented,,
e331,vjepa2-2025,field:world-models,classified_in,Combines video representation learning with action-conditioned post-training for robot planning.,https://arxiv.org/abs/2506.09985,Curated classification based on abstract and stated task,curated_classification,,
e332,vjepa2-2025,field:robotics,classified_in,Combines video representation learning with action-conditioned post-training for robot planning.,https://arxiv.org/abs/2506.09985,Curated classification based on abstract and stated task,curated_classification,,
e333,vjepa2-2025,field:planning,classified_in,Combines video representation learning with action-conditioned post-training for robot planning.,https://arxiv.org/abs/2506.09985,Curated classification based on abstract and stated task,curated_classification,,
e334,author:bonev-boris,fourcastnet3-2025,authored,Author listed in primary bibliographic metadata or PDF.,https://arxiv.org/abs/2507.12144,citation_author metadata / paper byline,documented,,
e335,author:kurth-thorsten,fourcastnet3-2025,authored,Author listed in primary bibliographic metadata or PDF.,https://arxiv.org/abs/2507.12144,citation_author metadata / paper byline,documented,,
e336,author:mahesh-ankur,fourcastnet3-2025,authored,Author listed in primary bibliographic metadata or PDF.,https://arxiv.org/abs/2507.12144,citation_author metadata / paper byline,documented,,
e337,author:bisson-mauro,fourcastnet3-2025,authored,Author listed in primary bibliographic metadata or PDF.,https://arxiv.org/abs/2507.12144,citation_author metadata / paper byline,documented,,
e338,author:kossaifi-jean,fourcastnet3-2025,authored,Author listed in primary bibliographic metadata or PDF.,https://arxiv.org/abs/2507.12144,citation_author metadata / paper byline,documented,,
e339,author:kashinath-karthik,fourcastnet3-2025,authored,Author listed in primary bibliographic metadata or PDF.,https://arxiv.org/abs/2507.12144,citation_author metadata / paper byline,documented,,
e340,author:anandkumar-anima,fourcastnet3-2025,authored,Author listed in primary bibliographic metadata or PDF.,https://arxiv.org/abs/2507.12144,citation_author metadata / paper byline,documented,,
e341,author:collins-william-d,fourcastnet3-2025,authored,Author listed in primary bibliographic metadata or PDF.,https://arxiv.org/abs/2507.12144,citation_author metadata / paper byline,documented,,
e342,author:pritchard-michael-s,fourcastnet3-2025,authored,Author listed in primary bibliographic metadata or PDF.,https://arxiv.org/abs/2507.12144,citation_author metadata / paper byline,documented,,
e343,author:keller-alexander,fourcastnet3-2025,authored,Author listed in primary bibliographic metadata or PDF.,https://arxiv.org/abs/2507.12144,citation_author metadata / paper byline,documented,,
e344,fourcastnet3-2025,field:weather,classified_in,Moves toward probabilistic geometric weather forecasting with spherical convolution and efficient ensembles.,https://arxiv.org/abs/2507.12144,Curated classification based on abstract and stated task,curated_classification,,
e345,fourcastnet3-2025,field:probabilistic-models,classified_in,Moves toward probabilistic geometric weather forecasting with spherical convolution and efficient ensembles.,https://arxiv.org/abs/2507.12144,Curated classification based on abstract and stated task,curated_classification,,
e346,author:pal-sourav,learnable-quadrature-2025,authored,Author listed in primary bibliographic metadata or PDF.,https://papers.neurips.cc/paper_files/paper/2025/hash/382b95a6580cfb0b5ca33c74b4e0e770-Abstract-Conference.html,citation_author metadata / paper byline,documented,,
e347,author:azizzadenesheli-kamyar,learnable-quadrature-2025,authored,Author listed in primary bibliographic metadata or PDF.,https://papers.neurips.cc/paper_files/paper/2025/hash/382b95a6580cfb0b5ca33c74b4e0e770-Abstract-Conference.html,citation_author metadata / paper byline,documented,,
e348,author:singh-vikas,learnable-quadrature-2025,authored,Author listed in primary bibliographic metadata or PDF.,https://papers.neurips.cc/paper_files/paper/2025/hash/382b95a6580cfb0b5ca33c74b4e0e770-Abstract-Conference.html,citation_author metadata / paper byline,documented,,
e349,learnable-quadrature-2025,field:quadrature,classified_in,"Learns quadrature rules for PINN loss evaluation, with a hypernetwork extension across PDE instances.",https://papers.neurips.cc/paper_files/paper/2025/hash/382b95a6580cfb0b5ca33c74b4e0e770-Abstract-Conference.html,Curated classification based on abstract and stated task,curated_classification,,
e350,learnable-quadrature-2025,field:physics-informed-learning,classified_in,"Learns quadrature rules for PINN loss evaluation, with a hypernetwork extension across PDE instances.",https://papers.neurips.cc/paper_files/paper/2025/hash/382b95a6580cfb0b5ca33c74b4e0e770-Abstract-Conference.html,Curated classification based on abstract and stated task,curated_classification,,
e351,author:tian-mingxuan,manufacturing-2025,authored,Author listed in primary bibliographic metadata or PDF.,https://arxiv.org/abs/2511.13178,citation_author metadata / paper byline,documented,,
e352,author:mu-haochen,manufacturing-2025,authored,Author listed in primary bibliographic metadata or PDF.,https://arxiv.org/abs/2511.13178,citation_author metadata / paper byline,documented,,
e353,author:ding-donghong,manufacturing-2025,authored,Author listed in primary bibliographic metadata or PDF.,https://arxiv.org/abs/2511.13178,citation_author metadata / paper byline,documented,,
e354,author:li-mengjiao,manufacturing-2025,authored,Author listed in primary bibliographic metadata or PDF.,https://arxiv.org/abs/2511.13178,citation_author metadata / paper byline,documented,,
e355,author:ding-yuhan,manufacturing-2025,authored,Author listed in primary bibliographic metadata or PDF.,https://arxiv.org/abs/2511.13178,citation_author metadata / paper byline,documented,,
e356,author:zhao-jianping,manufacturing-2025,authored,Author listed in primary bibliographic metadata or PDF.,https://arxiv.org/abs/2511.13178,citation_author metadata / paper byline,documented,,
e357,manufacturing-2025,field:operator-learning,classified_in,"Combines operator and recurrent components to predict distortion from thermal history, with physics-based training constraints.",https://arxiv.org/abs/2511.13178,Curated classification based on abstract and stated task,curated_classification,,
e358,manufacturing-2025,field:manufacturing,classified_in,"Combines operator and recurrent components to predict distortion from thermal history, with physics-based training constraints.",https://arxiv.org/abs/2511.13178,Curated classification based on abstract and stated task,curated_classification,,
e359,manufacturing-2025,field:time-series,classified_in,"Combines operator and recurrent components to predict distortion from thermal history, with physics-based training constraints.",https://arxiv.org/abs/2511.13178,Curated classification based on abstract and stated task,curated_classification,,
e360,author:duruisseaux-valentin,practical-fno-2025,authored,Author listed in primary bibliographic metadata or PDF.,https://arxiv.org/abs/2512.01421,citation_author metadata / paper byline,documented,,
e361,author:kossaifi-jean,practical-fno-2025,authored,Author listed in primary bibliographic metadata or PDF.,https://arxiv.org/abs/2512.01421,citation_author metadata / paper byline,documented,,
e362,author:anandkumar-anima,practical-fno-2025,authored,Author listed in primary bibliographic metadata or PDF.,https://arxiv.org/abs/2512.01421,citation_author metadata / paper byline,documented,,
e363,practical-fno-2025,field:operator-learning,classified_in,"Explains Fourier neural operators, implementation decisions, and numerical behavior.",https://arxiv.org/abs/2512.01421,Curated classification based on abstract and stated task,curated_classification,,
e364,practical-fno-2025,field:fourier,classified_in,"Explains Fourier neural operators, implementation decisions, and numerical behavior.",https://arxiv.org/abs/2512.01421,Curated classification based on abstract and stated task,curated_classification,,
e365,practical-fno-2025,field:fourier-neural-operators,classified_in,"Explains Fourier neural operators, implementation decisions, and numerical behavior.",https://arxiv.org/abs/2512.01421,Curated classification based on abstract and stated task,curated_classification,,
e366,author:veil-carina,soft-robot-2026,authored,Author listed in primary bibliographic metadata or PDF.,https://arxiv.org/abs/2602.18655,citation_author metadata / paper byline,documented,,
e367,author:flaschel-moritz,soft-robot-2026,authored,Author listed in primary bibliographic metadata or PDF.,https://arxiv.org/abs/2602.18655,citation_author metadata / paper byline,documented,,
e368,author:kuhl-ellen,soft-robot-2026,authored,Author listed in primary bibliographic metadata or PDF.,https://arxiv.org/abs/2602.18655,citation_author metadata / paper byline,documented,,
e369,author:della-santina-cosimo,soft-robot-2026,authored,Author listed in primary bibliographic metadata or PDF.,https://arxiv.org/abs/2602.18655,citation_author metadata / paper byline,documented,,
e370,soft-robot-2026,field:operator-learning,classified_in,Learns a differentiable actuation-to-shape operator and composes it with task maps for inverse kinematics.,https://arxiv.org/abs/2602.18655,Curated classification based on abstract and stated task,curated_classification,,
e371,soft-robot-2026,field:robotics,classified_in,Learns a differentiable actuation-to-shape operator and composes it with task maps for inverse kinematics.,https://arxiv.org/abs/2602.18655,Curated classification based on abstract and stated task,curated_classification,,
e372,soft-robot-2026,field:control,classified_in,Learns a differentiable actuation-to-shape operator and composes it with task maps for inverse kinematics.,https://arxiv.org/abs/2602.18655,Curated classification based on abstract and stated task,curated_classification,,
e373,author:brugiapaglia-simone,theory-tour-2026,authored,Author listed in primary bibliographic metadata or PDF.,https://arxiv.org/abs/2603.00819,citation_author metadata / paper byline,documented,,
e374,author:franco-nicola-rares,theory-tour-2026,authored,Author listed in primary bibliographic metadata or PDF.,https://arxiv.org/abs/2603.00819,citation_author metadata / paper byline,documented,,
e375,author:nelsen-nicholas-h,theory-tour-2026,authored,Author listed in primary bibliographic metadata or PDF.,https://arxiv.org/abs/2603.00819,citation_author metadata / paper byline,documented,,
e376,theory-tour-2026,field:operator-learning,classified_in,Summarizes approximation rates and statistical limitations for operator learning.,https://arxiv.org/abs/2603.00819,Curated classification based on abstract and stated task,curated_classification,,
e377,theory-tour-2026,field:theory,classified_in,Summarizes approximation rates and statistical limitations for operator learning.,https://arxiv.org/abs/2603.00819,Curated classification based on abstract and stated task,curated_classification,,
e378,author:mur-labadia-lorenzo,vjepa21-2026,authored,Author listed in primary bibliographic metadata or PDF.,https://arxiv.org/abs/2603.14482,citation_author metadata / paper byline,documented,,
e379,author:muckley-matthew,vjepa21-2026,authored,Author listed in primary bibliographic metadata or PDF.,https://arxiv.org/abs/2603.14482,citation_author metadata / paper byline,documented,,
e380,author:bar-amir,vjepa21-2026,authored,Author listed in primary bibliographic metadata or PDF.,https://arxiv.org/abs/2603.14482,citation_author metadata / paper byline,documented,,
e381,author:assran-mido,vjepa21-2026,authored,Author listed in primary bibliographic metadata or PDF.,https://arxiv.org/abs/2603.14482,citation_author metadata / paper byline,documented,,
e382,author:sinha-koustuv,vjepa21-2026,authored,Author listed in primary bibliographic metadata or PDF.,https://arxiv.org/abs/2603.14482,citation_author metadata / paper byline,documented,,
e383,author:rabbat-mike,vjepa21-2026,authored,Author listed in primary bibliographic metadata or PDF.,https://arxiv.org/abs/2603.14482,citation_author metadata / paper byline,documented,,
e384,author:lecun-yann,vjepa21-2026,authored,Author listed in primary bibliographic metadata or PDF.,https://arxiv.org/abs/2603.14482,citation_author metadata / paper byline,documented,,
e385,author:ballas-nicolas,vjepa21-2026,authored,Author listed in primary bibliographic metadata or PDF.,https://arxiv.org/abs/2603.14482,citation_author metadata / paper byline,documented,,
e386,author:bardes-adrien,vjepa21-2026,authored,Author listed in primary bibliographic metadata or PDF.,https://arxiv.org/abs/2603.14482,citation_author metadata / paper byline,documented,,
e387,vjepa21-2026,field:world-models,classified_in,Develops dense video/image representations through revised predictive objectives and reports downstream visual and robot evaluations.,https://arxiv.org/abs/2603.14482,Curated classification based on abstract and stated task,curated_classification,,
e388,vjepa21-2026,field:representation-learning,classified_in,Develops dense video/image representations through revised predictive objectives and reports downstream visual and robot evaluations.,https://arxiv.org/abs/2603.14482,Curated classification based on abstract and stated task,curated_classification,,
e389,author:khan-muhammad-idrees,acoustic-quadrature-2026,authored,Author listed in primary bibliographic metadata or PDF.,https://arxiv.org/abs/2607.04407,citation_author metadata / paper byline,documented,,
e390,author:yao-hua-dong,acoustic-quadrature-2026,authored,Author listed in primary bibliographic metadata or PDF.,https://arxiv.org/abs/2607.04407,citation_author metadata / paper byline,documented,,
e391,acoustic-quadrature-2026,field:quadrature,classified_in,"Uses a complex-linear, quadrature-aware boundary-to-field model for resonant acoustics.",https://arxiv.org/abs/2607.04407,Curated classification based on abstract and stated task,curated_classification,,
e392,acoustic-quadrature-2026,field:operator-learning,classified_in,"Uses a complex-linear, quadrature-aware boundary-to-field model for resonant acoustics.",https://arxiv.org/abs/2607.04407,Curated classification based on abstract and stated task,curated_classification,,
e393,acoustic-quadrature-2026,field:acoustics,classified_in,"Uses a complex-linear, quadrature-aware boundary-to-field model for resonant acoustics.",https://arxiv.org/abs/2607.04407,Curated classification based on abstract and stated task,curated_classification,,
e394,author:chen-zituo,composition-2026,authored,Author listed in primary bibliographic metadata or PDF.,https://arxiv.org/abs/2609.03069,citation_author metadata / paper byline,documented,,
e395,author:zhang-baiming,composition-2026,authored,Author listed in primary bibliographic metadata or PDF.,https://arxiv.org/abs/2609.03069,citation_author metadata / paper byline,documented,,
e396,author:deng-sili,composition-2026,authored,Author listed in primary bibliographic metadata or PDF.,https://arxiv.org/abs/2609.03069,citation_author metadata / paper byline,documented,,
e397,composition-2026,field:operator-learning,classified_in,Pretrains local operators and adapts a lightweight composition module to changed domains or conditions.,https://arxiv.org/abs/2609.03069,Curated classification based on abstract and stated task,curated_classification,,
e398,composition-2026,field:foundation-models,classified_in,Pretrains local operators and adapts a lightweight composition module to changed domains or conditions.,https://arxiv.org/abs/2609.03069,Curated classification based on abstract and stated task,curated_classification,,
e399,composition-2026,field:domain-decomposition,classified_in,Pretrains local operators and adapts a lightweight composition module to changed domains or conditions.,https://arxiv.org/abs/2609.03069,Curated classification based on abstract and stated task,curated_classification,,
e400,author:hernandez-j-a,adaptive-cubature-2026,authored,Author listed in primary bibliographic metadata or PDF.,https://arxiv.org/abs/2609.03068,citation_author metadata / paper byline,documented,,
e401,author:de-parga-s-ares,adaptive-cubature-2026,authored,Author listed in primary bibliographic metadata or PDF.,https://arxiv.org/abs/2609.03068,citation_author metadata / paper byline,documented,,
e402,author:rossi-riccardo,adaptive-cubature-2026,authored,Author listed in primary bibliographic metadata or PDF.,https://arxiv.org/abs/2609.03068,citation_author metadata / paper byline,documented,,
e403,adaptive-cubature-2026,field:quadrature,classified_in,Lets cubature weights vary with latent state and prunes integration entities in reduced finite-element models.,https://arxiv.org/abs/2609.03068,Curated classification based on abstract and stated task,curated_classification,,
e404,adaptive-cubature-2026,field:hyper-reduction,classified_in,Lets cubature weights vary with latent state and prunes integration entities in reduced finite-element models.,https://arxiv.org/abs/2609.03068,Curated classification based on abstract and stated task,curated_classification,,
e405,author:berner-julius,principled-2026,authored,Author listed in primary bibliographic metadata or PDF.,https://www.nature.com/articles/s42256-026-01267-z,citation_author metadata / paper byline,documented,,
e406,author:liu-schiaffini-miguel,principled-2026,authored,Author listed in primary bibliographic metadata or PDF.,https://www.nature.com/articles/s42256-026-01267-z,citation_author metadata / paper byline,documented,,
e407,author:kossaifi-jean,principled-2026,authored,Author listed in primary bibliographic metadata or PDF.,https://www.nature.com/articles/s42256-026-01267-z,citation_author metadata / paper byline,documented,,
e408,author:duruisseaux-valentin,principled-2026,authored,Author listed in primary bibliographic metadata or PDF.,https://www.nature.com/articles/s42256-026-01267-z,citation_author metadata / paper byline,documented,,
e409,author:bonev-boris,principled-2026,authored,Author listed in primary bibliographic metadata or PDF.,https://www.nature.com/articles/s42256-026-01267-z,citation_author metadata / paper byline,documented,,
e410,author:azizzadenesheli-kamyar,principled-2026,authored,Author listed in primary bibliographic metadata or PDF.,https://www.nature.com/articles/s42256-026-01267-z,citation_author metadata / paper byline,documented,,
e411,author:anandkumar-anima,principled-2026,authored,Author listed in primary bibliographic metadata or PDF.,https://www.nature.com/articles/s42256-026-01267-z,citation_author metadata / paper byline,documented,,
e412,principled-2026,field:operator-learning,classified_in,"Explains how to convert finite-dimensional network designs into function-space operators, with coordinates, quadrature and discretization convergence made explicit.",https://www.nature.com/articles/s42256-026-01267-z,Curated classification based on abstract and stated task,curated_classification,,
e413,principled-2026,field:theory,classified_in,"Explains how to convert finite-dimensional network designs into function-space operators, with coordinates, quadrature and discretization convergence made explicit.",https://www.nature.com/articles/s42256-026-01267-z,Curated classification based on abstract and stated task,curated_classification,,
e414,principled-2026,field:quadrature,classified_in,"Explains how to convert finite-dimensional network designs into function-space operators, with coordinates, quadrature and discretization convergence made explicit.",https://www.nature.com/articles/s42256-026-01267-z,Curated classification based on abstract and stated task,curated_classification,,
e415,author:frieden-branden,frame-kernel-2026,authored,Author listed in primary bibliographic metadata or PDF.,https://arxiv.org/abs/2608.25084,citation_author metadata / paper byline,documented,,
e416,author:whitehead-ryan,frame-kernel-2026,authored,Author listed in primary bibliographic metadata or PDF.,https://arxiv.org/abs/2608.25084,citation_author metadata / paper byline,documented,,
e417,author:ballard-m-keith,frame-kernel-2026,authored,Author listed in primary bibliographic metadata or PDF.,https://arxiv.org/abs/2608.25084,citation_author metadata / paper byline,documented,,
e418,author:kirby-robert-m,frame-kernel-2026,authored,Author listed in primary bibliographic metadata or PDF.,https://arxiv.org/abs/2608.25084,citation_author metadata / paper byline,documented,,
e419,author:shankar-varun,frame-kernel-2026,authored,Author listed in primary bibliographic metadata or PDF.,https://arxiv.org/abs/2608.25084,citation_author metadata / paper byline,documented,,
e420,frame-kernel-2026,field:operator-learning,classified_in,Uses multiscale kernel-frame representations of input and output functions for operator learning.,https://arxiv.org/abs/2608.25084,Curated classification based on abstract and stated task,curated_classification,,
e421,frame-kernel-2026,field:multiscale,classified_in,Uses multiscale kernel-frame representations of input and output functions for operator learning.,https://arxiv.org/abs/2608.25084,Curated classification based on abstract and stated task,curated_classification,,
e422,frame-kernel-2026,field:efficiency,classified_in,Uses multiscale kernel-frame representations of input and output functions for operator learning.,https://arxiv.org/abs/2608.25084,Curated classification based on abstract and stated task,curated_classification,,
e423,chen-1995,area:operators,bridges_field,Early neural-network approximation theorem for nonlinear operators.,https://pubmed.ncbi.nlm.nih.gov/18263379/,Broad field classification based on stated method/application; not a novelty claim,curated_classification,,
e424,deeponet-2019,area:operators,bridges_field,Represents an operator using an input-function encoder and a coordinate-dependent output representation.,https://arxiv.org/abs/1910.03193,Broad field classification based on stated method/application; not a novelty claim,curated_classification,,
e425,graph-kernel-2020,area:operators,bridges_field,Learns kernel interactions over spatial samples to approximate PDE solution maps.,https://arxiv.org/abs/2003.03485,Broad field classification based on stated method/application; not a novelty claim,curated_classification,,
e426,fno-2020,area:operators,bridges_field,Learns global interactions through spectral transformations for families of PDE problems.,https://arxiv.org/abs/2010.08895,Broad field classification based on stated method/application; not a novelty claim,curated_classification,,
e427,neural-operator-2021,area:operators,bridges_field,"Develops a function-space framework, approximation theory, and several efficient operator parameterizations.",https://arxiv.org/abs/2108.08481,Broad field classification based on stated method/application; not a novelty claim,curated_classification,,
e428,u-fno-2021,area:operators,bridges_field,Combines U-Net-style processing with Fourier operator components for multiphase subsurface flow.,https://arxiv.org/abs/2109.03697,Broad field classification based on stated method/application; not a novelty claim,curated_classification,,
e429,seismic-2021,area:operators,bridges_field,Studies neural-operator surrogates for wave propagation and seismic inversion.,https://arxiv.org/abs/2108.05421,Broad field classification based on stated method/application; not a novelty claim,curated_classification,,
e430,fourcastnet-2022,area:operators,bridges_field,Uses adaptive Fourier neural operators for global weather prediction and inexpensive ensembles.,https://arxiv.org/abs/2202.11214,Broad field classification based on stated method/application; not a novelty claim,curated_classification,,
e431,nio-2023,area:operators,bridges_field,Combines operator-learning components for PDE inverse problems where observations encode an operator-valued measurement map.,https://arxiv.org/abs/2301.11167,Broad field classification based on stated method/application; not a novelty claim,curated_classification,,
e432,em-design-2023,area:operators,bridges_field,Uses a neural-operator surrogate for repeated electromagnetic evaluation during inverse design.,https://arxiv.org/abs/2302.01934,Broad field classification based on stated method/application; not a novelty claim,curated_classification,,
e433,sfno-2023,area:operators,bridges_field,Adapts spectral operator computation to spherical geometry for atmospheric dynamics.,https://arxiv.org/abs/2306.03838,Broad field classification based on stated method/application; not a novelty claim,curated_classification,,
e434,pde-control-2023,area:operators,bridges_field,Approximates a controller-design operator with DeepONet for a hyperbolic system with recycle and delay.,https://arxiv.org/abs/2307.11436,Broad field classification based on stated method/application; not a novelty claim,curated_classification,,
e435,gino-2023,area:operators,bridges_field,Combines graph-based geometry handling with a regular latent Fourier grid for 3D aerodynamic prediction.,https://arxiv.org/abs/2309.00583,Broad field classification based on stated method/application; not a novelty claim,curated_classification,,
e436,operator-sampling-2024,area:operators,bridges_field,"Analyzes information limits for learning Lipschitz operators under Gaussian measures, including adaptive linear samples.",https://arxiv.org/abs/2410.23440,Broad field classification based on stated method/application; not a novelty claim,curated_classification,,
e437,fno-discretization-2024,area:operators,bridges_field,Analyzes errors introduced when a continuous Fourier neural operator is evaluated on a finite grid.,https://arxiv.org/abs/2405.02221,Broad field classification based on stated method/application; not a novelty claim,curated_classification,,
e438,poseidon-2024,area:operators,bridges_field,Pretrains a PDE model and adapts it to downstream physical problems.,https://arxiv.org/abs/2405.19101,Broad field classification based on stated method/application; not a novelty claim,curated_classification,,
e439,kno-2024,area:operators,bridges_field,Separates trainable kernel design from quadrature and supports geometrically flexible integral-operator computation.,https://arxiv.org/abs/2407.00809,Broad field classification based on stated method/application; not a novelty claim,curated_classification,,
e440,pno-2024,area:operators,bridges_field,"Learns the map from spatial cost functions to motion-planning value functions, motivated by an Eikonal PDE.",https://arxiv.org/abs/2410.17547,Broad field classification based on stated method/application; not a novelty claim,curated_classification,,
e441,neuralop-library-2024,area:operators,bridges_field,Provides implementations and training infrastructure for neural operator architectures.,https://arxiv.org/abs/2412.10354,Broad field classification based on stated method/application; not a novelty claim,curated_classification,,
e442,ultrasound-2024,area:operators,bridges_field,Predicts acoustic pressure fields for heterogeneous spinal-cord anatomy using a DeepONet surrogate.,https://arxiv.org/abs/2412.16118,Broad field classification based on stated method/application; not a novelty claim,curated_classification,,
e443,deepvivonet-2025,area:operators,bridges_field,"Uses marine-riser field data for sparse reconstruction and forecasting, then optimizes sensor placement with an outer loop.",https://arxiv.org/abs/2501.04105,Broad field classification based on stated method/application; not a novelty claim,curated_classification,,
e444,manufacturing-2025,area:operators,bridges_field,"Combines operator and recurrent components to predict distortion from thermal history, with physics-based training constraints.",https://arxiv.org/abs/2511.13178,Broad field classification based on stated method/application; not a novelty claim,curated_classification,,
e445,practical-fno-2025,area:operators,bridges_field,"Explains Fourier neural operators, implementation decisions, and numerical behavior.",https://arxiv.org/abs/2512.01421,Broad field classification based on stated method/application; not a novelty claim,curated_classification,,
e446,soft-robot-2026,area:operators,bridges_field,Learns a differentiable actuation-to-shape operator and composes it with task maps for inverse kinematics.,https://arxiv.org/abs/2602.18655,Broad field classification based on stated method/application; not a novelty claim,curated_classification,,
e447,theory-tour-2026,area:operators,bridges_field,Summarizes approximation rates and statistical limitations for operator learning.,https://arxiv.org/abs/2603.00819,Broad field classification based on stated method/application; not a novelty claim,curated_classification,,
e448,acoustic-quadrature-2026,area:operators,bridges_field,"Uses a complex-linear, quadrature-aware boundary-to-field model for resonant acoustics.",https://arxiv.org/abs/2607.04407,Broad field classification based on stated method/application; not a novelty claim,curated_classification,,
e449,composition-2026,area:operators,bridges_field,Pretrains local operators and adapts a lightweight composition module to changed domains or conditions.,https://arxiv.org/abs/2609.03069,Broad field classification based on stated method/application; not a novelty claim,curated_classification,,
e450,principled-2026,area:operators,bridges_field,"Explains how to convert finite-dimensional network designs into function-space operators, with coordinates, quadrature and discretization convergence made explicit.",https://www.nature.com/articles/s42256-026-01267-z,Broad field classification based on stated method/application; not a novelty claim,curated_classification,,
e451,frame-kernel-2026,area:operators,bridges_field,Uses multiscale kernel-frame representations of input and output functions for operator learning.,https://arxiv.org/abs/2608.25084,Broad field classification based on stated method/application; not a novelty claim,curated_classification,,
e452,fno-2020,area:fourier,bridges_field,Learns global interactions through spectral transformations for families of PDE problems.,https://arxiv.org/abs/2010.08895,Broad field classification based on stated method/application; not a novelty claim,curated_classification,,
e453,u-fno-2021,area:fourier,bridges_field,Combines U-Net-style processing with Fourier operator components for multiphase subsurface flow.,https://arxiv.org/abs/2109.03697,Broad field classification based on stated method/application; not a novelty claim,curated_classification,,
e454,seismic-2021,area:fourier,bridges_field,Studies neural-operator surrogates for wave propagation and seismic inversion.,https://arxiv.org/abs/2108.05421,Broad field classification based on stated method/application; not a novelty claim,curated_classification,,
e455,fourcastnet-2022,area:fourier,bridges_field,Uses adaptive Fourier neural operators for global weather prediction and inexpensive ensembles.,https://arxiv.org/abs/2202.11214,Broad field classification based on stated method/application; not a novelty claim,curated_classification,,
e456,nio-2023,area:fourier,bridges_field,Combines operator-learning components for PDE inverse problems where observations encode an operator-valued measurement map.,https://arxiv.org/abs/2301.11167,Broad field classification based on stated method/application; not a novelty claim,curated_classification,,
e457,em-design-2023,area:fourier,bridges_field,Uses a neural-operator surrogate for repeated electromagnetic evaluation during inverse design.,https://arxiv.org/abs/2302.01934,Broad field classification based on stated method/application; not a novelty claim,curated_classification,,
e458,sfno-2023,area:fourier,bridges_field,Adapts spectral operator computation to spherical geometry for atmospheric dynamics.,https://arxiv.org/abs/2306.03838,Broad field classification based on stated method/application; not a novelty claim,curated_classification,,
e459,gino-2023,area:fourier,bridges_field,Combines graph-based geometry handling with a regular latent Fourier grid for 3D aerodynamic prediction.,https://arxiv.org/abs/2309.00583,Broad field classification based on stated method/application; not a novelty claim,curated_classification,,
e460,fno-discretization-2024,area:fourier,bridges_field,Analyzes errors introduced when a continuous Fourier neural operator is evaluated on a finite grid.,https://arxiv.org/abs/2405.02221,Broad field classification based on stated method/application; not a novelty claim,curated_classification,,
e461,practical-fno-2025,area:fourier,bridges_field,"Explains Fourier neural operators, implementation decisions, and numerical behavior.",https://arxiv.org/abs/2512.01421,Broad field classification based on stated method/application; not a novelty claim,curated_classification,,
e462,deim-2009,area:sparse,bridges_field,Uses a reduced basis and selected entries to cheaply approximate nonlinear terms.,https://laertes.caam.rice.edu/tech_reports/2009/TR09-05.pdf,Broad field classification based on stated method/application; not a novelty claim,curated_classification,,
e463,stable-cs-2005,area:sparse,bridges_field,Establishes stable sparse-signal recovery from incomplete noisy linear measurements under conditions on the measurement matrix.,https://arxiv.org/abs/math/0503066,Broad field classification based on stated method/application; not a novelty claim,curated_classification,,
e464,sparse-operators-2012,area:sparse,bridges_field,Identifies structured linear operators from probing signals under conditions on their spreading-function support.,https://arxiv.org/abs/1209.5187,Broad field classification based on stated method/application; not a novelty claim,curated_classification,,
e465,sindy-2015,area:sparse,bridges_field,Fits sparse combinations of candidate nonlinear functions to discover dynamical equations from data.,https://arxiv.org/abs/1509.03580,Broad field classification based on stated method/application; not a novelty claim,curated_classification,,
e466,cs-polynomials-2017,area:sparse,bridges_field,Reviews structured sparse polynomial approximation and weighted recovery for high-dimensional functions.,https://arxiv.org/abs/1703.06987,Broad field classification based on stated method/application; not a novelty claim,curated_classification,,
e467,cs-generative-2017,area:sparse,bridges_field,Uses the range of a generative model as a prior for recovering signals from limited measurements.,https://arxiv.org/abs/1703.03208,Broad field classification based on stated method/application; not a novelty claim,curated_classification,,
e468,optimal-sampling-2024,area:sparse,bridges_field,Explains weighted least-squares sampling strategies tied to the approximation space through Christoffel functions.,https://arxiv.org/abs/2409.02342,Broad field classification based on stated method/application; not a novelty claim,curated_classification,,
e469,operator-sampling-2024,area:sparse,bridges_field,"Analyzes information limits for learning Lipschitz operators under Gaussian measures, including adaptive linear samples.",https://arxiv.org/abs/2410.23440,Broad field classification based on stated method/application; not a novelty claim,curated_classification,,
e470,nonlinear-sampling-2024,area:sparse,bridges_field,"Unifies learning from linear samples for nonlinear model classes, including compressed sensing and active regression.",https://proceedings.mlr.press/v235/adcock24a.html,Broad field classification based on stated method/application; not a novelty claim,curated_classification,,
e471,deepvivonet-2025,area:sparse,bridges_field,"Uses marine-riser field data for sparse reconstruction and forecasting, then optimizes sensor placement with an outer loop.",https://arxiv.org/abs/2501.04105,Broad field classification based on stated method/application; not a novelty claim,curated_classification,,
e472,eim-2004,area:integration,bridges_field,Builds a reduced representation of parameter-dependent functions using selected evaluation points.,https://www.mit.edu/~cuongng/publication/pub1/,Broad field classification based on stated method/application; not a novelty claim,curated_classification,,
e473,deim-2009,area:integration,bridges_field,Uses a reduced basis and selected entries to cheaply approximate nonlinear terms.,https://laertes.caam.rice.edu/tech_reports/2009/TR09-05.pdf,Broad field classification based on stated method/application; not a novelty claim,curated_classification,,
e474,ecm-2017,area:integration,bridges_field,Selects integration points and positive weights to reproduce reduced internal-force integrals in finite-element models.,https://upcommons.upc.edu/handle/2117/91502?locale-attribute=en,Broad field classification based on stated method/application; not a novelty claim,curated_classification,,
e475,cecm-2023,area:integration,bridges_field,Optimizes integration locations as well as weights to obtain small positive cubature rules.,https://arxiv.org/abs/2308.03877,Broad field classification based on stated method/application; not a novelty claim,curated_classification,,
e476,fno-discretization-2024,area:integration,bridges_field,Analyzes errors introduced when a continuous Fourier neural operator is evaluated on a finite grid.,https://arxiv.org/abs/2405.02221,Broad field classification based on stated method/application; not a novelty claim,curated_classification,,
e477,kno-2024,area:integration,bridges_field,Separates trainable kernel design from quadrature and supports geometrically flexible integral-operator computation.,https://arxiv.org/abs/2407.00809,Broad field classification based on stated method/application; not a novelty claim,curated_classification,,
e478,learnable-quadrature-2025,area:integration,bridges_field,"Learns quadrature rules for PINN loss evaluation, with a hypernetwork extension across PDE instances.",https://papers.neurips.cc/paper_files/paper/2025/hash/382b95a6580cfb0b5ca33c74b4e0e770-Abstract-Conference.html,Broad field classification based on stated method/application; not a novelty claim,curated_classification,,
e479,acoustic-quadrature-2026,area:integration,bridges_field,"Uses a complex-linear, quadrature-aware boundary-to-field model for resonant acoustics.",https://arxiv.org/abs/2607.04407,Broad field classification based on stated method/application; not a novelty claim,curated_classification,,
e480,adaptive-cubature-2026,area:integration,bridges_field,Lets cubature weights vary with latent state and prunes integration entities in reduced finite-element models.,https://arxiv.org/abs/2609.03068,Broad field classification based on stated method/application; not a novelty claim,curated_classification,,
e481,principled-2026,area:integration,bridges_field,"Explains how to convert finite-dimensional network designs into function-space operators, with coordinates, quadrature and discretization convergence made explicit.",https://www.nature.com/articles/s42256-026-01267-z,Broad field classification based on stated method/application; not a novelty claim,curated_classification,,
e482,frame-kernel-2026,area:integration,bridges_field,Uses multiscale kernel-frame representations of input and output functions for operator learning.,https://arxiv.org/abs/2608.25084,Broad field classification based on stated method/application; not a novelty claim,curated_classification,,
e483,gns-2020,area:engineering,bridges_field,Learns particle-based physical simulation across materials using graph-network interactions.,https://arxiv.org/abs/2002.09405,Broad field classification based on stated method/application; not a novelty claim,curated_classification,,
e484,u-fno-2021,area:engineering,bridges_field,Combines U-Net-style processing with Fourier operator components for multiphase subsurface flow.,https://arxiv.org/abs/2109.03697,Broad field classification based on stated method/application; not a novelty claim,curated_classification,,
e485,seismic-2021,area:engineering,bridges_field,Studies neural-operator surrogates for wave propagation and seismic inversion.,https://arxiv.org/abs/2108.05421,Broad field classification based on stated method/application; not a novelty claim,curated_classification,,
e486,pdebench-2022,area:engineering,bridges_field,Provides multiple PDE datasets and baseline implementations for scientific machine learning.,https://arxiv.org/abs/2210.07182,Broad field classification based on stated method/application; not a novelty claim,curated_classification,,
e487,em-design-2023,area:engineering,bridges_field,Uses a neural-operator surrogate for repeated electromagnetic evaluation during inverse design.,https://arxiv.org/abs/2302.01934,Broad field classification based on stated method/application; not a novelty claim,curated_classification,,
e488,gino-2023,area:engineering,bridges_field,Combines graph-based geometry handling with a regular latent Fourier grid for 3D aerodynamic prediction.,https://arxiv.org/abs/2309.00583,Broad field classification based on stated method/application; not a novelty claim,curated_classification,,
e489,well-2024,area:engineering,bridges_field,Collects diverse spatiotemporal physical simulations with a common learning interface.,https://arxiv.org/abs/2412.00568,Broad field classification based on stated method/application; not a novelty claim,curated_classification,,
e490,ultrasound-2024,area:engineering,bridges_field,Predicts acoustic pressure fields for heterogeneous spinal-cord anatomy using a DeepONet surrogate.,https://arxiv.org/abs/2412.16118,Broad field classification based on stated method/application; not a novelty claim,curated_classification,,
e491,manufacturing-2025,area:engineering,bridges_field,"Combines operator and recurrent components to predict distortion from thermal history, with physics-based training constraints.",https://arxiv.org/abs/2511.13178,Broad field classification based on stated method/application; not a novelty claim,curated_classification,,
e492,acoustic-quadrature-2026,area:engineering,bridges_field,"Uses a complex-linear, quadrature-aware boundary-to-field model for resonant acoustics.",https://arxiv.org/abs/2607.04407,Broad field classification based on stated method/application; not a novelty claim,curated_classification,,
e493,fourcastnet-2022,area:weather,bridges_field,Uses adaptive Fourier neural operators for global weather prediction and inexpensive ensembles.,https://arxiv.org/abs/2202.11214,Broad field classification based on stated method/application; not a novelty claim,curated_classification,,
e494,sfno-2023,area:weather,bridges_field,Adapts spectral operator computation to spherical geometry for atmospheric dynamics.,https://arxiv.org/abs/2306.03838,Broad field classification based on stated method/application; not a novelty claim,curated_classification,,
e495,fourcastnet3-2025,area:weather,bridges_field,Moves toward probabilistic geometric weather forecasting with spherical convolution and efficient ensembles.,https://arxiv.org/abs/2507.12144,Broad field classification based on stated method/application; not a novelty claim,curated_classification,,
e496,world-models-2018,area:robotics,bridges_field,Learns a compact predictive environment model and trains a controller using that representation.,https://arxiv.org/abs/1803.10122,Broad field classification based on stated method/application; not a novelty claim,curated_classification,,
e497,pde-control-2023,area:robotics,bridges_field,Approximates a controller-design operator with DeepONet for a hyperbolic system with recycle and delay.,https://arxiv.org/abs/2307.11436,Broad field classification based on stated method/application; not a novelty claim,curated_classification,,
e498,dreamerv3-2023,area:robotics,bridges_field,Learns latent dynamics and improves an actor through imagined trajectories across control domains.,https://arxiv.org/abs/2301.04104,Broad field classification based on stated method/application; not a novelty claim,curated_classification,,
e499,pno-2024,area:robotics,bridges_field,"Learns the map from spatial cost functions to motion-planning value functions, motivated by an Eikonal PDE.",https://arxiv.org/abs/2410.17547,Broad field classification based on stated method/application; not a novelty claim,curated_classification,,
e500,vjepa2-2025,area:robotics,bridges_field,Combines video representation learning with action-conditioned post-training for robot planning.,https://arxiv.org/abs/2506.09985,Broad field classification based on stated method/application; not a novelty claim,curated_classification,,
e501,soft-robot-2026,area:robotics,bridges_field,Learns a differentiable actuation-to-shape operator and composes it with task maps for inverse kinematics.,https://arxiv.org/abs/2602.18655,Broad field classification based on stated method/application; not a novelty claim,curated_classification,,
e502,world-models-2018,area:world,bridges_field,Learns a compact predictive environment model and trains a controller using that representation.,https://arxiv.org/abs/1803.10122,Broad field classification based on stated method/application; not a novelty claim,curated_classification,,
e503,gns-2020,area:world,bridges_field,Learns particle-based physical simulation across materials using graph-network interactions.,https://arxiv.org/abs/2002.09405,Broad field classification based on stated method/application; not a novelty claim,curated_classification,,
e504,dreamerv3-2023,area:world,bridges_field,Learns latent dynamics and improves an actor through imagined trajectories across control domains.,https://arxiv.org/abs/2301.04104,Broad field classification based on stated method/application; not a novelty claim,curated_classification,,
e505,vjepa2-2025,area:world,bridges_field,Combines video representation learning with action-conditioned post-training for robot planning.,https://arxiv.org/abs/2506.09985,Broad field classification based on stated method/application; not a novelty claim,curated_classification,,
e506,vjepa21-2026,area:world,bridges_field,Develops dense video/image representations through revised predictive objectives and reports downstream visual and robot evaluations.,https://arxiv.org/abs/2603.14482,Broad field classification based on stated method/application; not a novelty claim,curated_classification,,
e507,poseidon-2024,area:foundation,bridges_field,Pretrains a PDE model and adapts it to downstream physical problems.,https://arxiv.org/abs/2405.19101,Broad field classification based on stated method/application; not a novelty claim,curated_classification,,
e508,composition-2026,area:foundation,bridges_field,Pretrains local operators and adapts a lightweight composition module to changed domains or conditions.,https://arxiv.org/abs/2609.03069,Broad field classification based on stated method/application; not a novelty claim,curated_classification,,
e509,cs-generative-2017,area:inverse,bridges_field,Uses the range of a generative model as a prior for recovering signals from limited measurements.,https://arxiv.org/abs/1703.03208,Broad field classification based on stated method/application; not a novelty claim,curated_classification,,
e510,seismic-2021,area:inverse,bridges_field,Studies neural-operator surrogates for wave propagation and seismic inversion.,https://arxiv.org/abs/2108.05421,Broad field classification based on stated method/application; not a novelty claim,curated_classification,,
e511,nio-2023,area:inverse,bridges_field,Combines operator-learning components for PDE inverse problems where observations encode an operator-valued measurement map.,https://arxiv.org/abs/2301.11167,Broad field classification based on stated method/application; not a novelty claim,curated_classification,,
e512,em-design-2023,area:inverse,bridges_field,Uses a neural-operator surrogate for repeated electromagnetic evaluation during inverse design.,https://arxiv.org/abs/2302.01934,Broad field classification based on stated method/application; not a novelty claim,curated_classification,,
e513,nfm-2024,area:timeseries,bridges_field,"Models time series in the frequency domain, including evaluation under changed sampling rates.",https://arxiv.org/abs/2410.04703,Broad field classification based on stated method/application; not a novelty claim,curated_classification,,
e514,deepvivonet-2025,area:timeseries,bridges_field,"Uses marine-riser field data for sparse reconstruction and forecasting, then optimizes sensor placement with an outer loop.",https://arxiv.org/abs/2501.04105,Broad field classification based on stated method/application; not a novelty claim,curated_classification,,
e515,manufacturing-2025,area:timeseries,bridges_field,"Combines operator and recurrent components to predict distortion from thermal history, with physics-based training constraints.",https://arxiv.org/abs/2511.13178,Broad field classification based on stated method/application; not a novelty claim,curated_classification,,
e516,principled-2026,gino-2023,cites,Explicit numbered reference in the supplied 2026 paper.,https://www.nature.com/articles/s42256-026-01267-z,"Reference 9, journal pp. 1180–1181",documented,,
e517,principled-2026,fno-discretization-2024,cites,Explicit numbered reference in the supplied 2026 paper.,https://www.nature.com/articles/s42256-026-01267-z,"Reference 13, journal pp. 1180–1181",documented,,
e518,principled-2026,neuralop-library-2024,cites,Explicit numbered reference in the supplied 2026 paper.,https://www.nature.com/articles/s42256-026-01267-z,"Reference 14, journal pp. 1180–1181",documented,,
e519,principled-2026,fno-2020,cites,Explicit numbered reference in the supplied 2026 paper.,https://www.nature.com/articles/s42256-026-01267-z,"Reference 15, journal pp. 1180–1181",documented,,
e520,principled-2026,practical-fno-2025,cites,Explicit numbered reference in the supplied 2026 paper.,https://www.nature.com/articles/s42256-026-01267-z,"Reference 16, journal pp. 1180–1181",documented,,
e521,principled-2026,graph-kernel-2020,cites,Explicit numbered reference in the supplied 2026 paper.,https://www.nature.com/articles/s42256-026-01267-z,"Reference 23, journal pp. 1180–1181",documented,,
e522,principled-2026,sfno-2023,cites,Explicit numbered reference in the supplied 2026 paper.,https://www.nature.com/articles/s42256-026-01267-z,"Reference 25, journal pp. 1180–1181",documented,,
e523,sindy-2015,stable-cs-2005,cites,Matched the paper title (or documented title variant) in the downloaded bibliography.,https://arxiv.org/abs/1509.03580,Downloaded PDF page 19; see metadata/citations.json for bibliographic context,documented,sindy-2015.pdf,19
e524,cs-generative-2017,stable-cs-2005,cites,Matched the paper title (or documented title variant) in the downloaded bibliography.,https://arxiv.org/abs/1703.03208,Downloaded PDF page 11; see metadata/citations.json for bibliographic context,documented,cs-generative-2017.pdf,11
e525,ecm-2017,eim-2004,cites,Matched the paper title (or documented title variant) in the downloaded bibliography.,https://upcommons.upc.edu/handle/2117/91502?locale-attribute=en,Downloaded PDF page 35; see metadata/citations.json for bibliographic context,documented,ecm-2017.pdf,35
e526,ecm-2017,deim-2009,cites,Matched the paper title (or documented title variant) in the downloaded bibliography.,https://upcommons.upc.edu/handle/2117/91502?locale-attribute=en,Downloaded PDF page 35; see metadata/citations.json for bibliographic context,documented,ecm-2017.pdf,35
e527,deeponet-2019,chen-1995,cites,Matched the paper title (or documented title variant) in the downloaded bibliography.,https://arxiv.org/abs/1910.03193,Downloaded PDF page 16; see metadata/citations.json for bibliographic context,documented,deeponet-2019.pdf,16
e528,fno-2020,deeponet-2019,cites,Matched the paper title (or documented title variant) in the downloaded bibliography.,https://arxiv.org/abs/2010.08895,Downloaded PDF page 11; see metadata/citations.json for bibliographic context,documented,fno-2020.pdf,11
e529,fno-2020,graph-kernel-2020,cites,Matched the paper title (or documented title variant) in the downloaded bibliography.,https://arxiv.org/abs/2010.08895,Downloaded PDF page 11; see metadata/citations.json for bibliographic context,documented,fno-2020.pdf,11
e530,neural-operator-2021,chen-1995,cites,Matched the paper title (or documented title variant) in the downloaded bibliography.,https://arxiv.org/abs/2108.08481,Downloaded PDF page 62; see metadata/citations.json for bibliographic context,documented,2108.08481v6.pdf,62
e531,neural-operator-2021,deeponet-2019,cites,Matched the paper title (or documented title variant) in the downloaded bibliography.,https://arxiv.org/abs/2108.08481,Downloaded PDF page 66; see metadata/citations.json for bibliographic context,documented,2108.08481v6.pdf,66
e532,neural-operator-2021,fno-2020,cites,Matched the paper title (or documented title variant) in the downloaded bibliography.,https://arxiv.org/abs/2108.08481,Downloaded PDF page 65; see metadata/citations.json for bibliographic context,documented,2108.08481v6.pdf,65
e533,neural-operator-2021,graph-kernel-2020,cites,Matched the paper title (or documented title variant) in the downloaded bibliography.,https://arxiv.org/abs/2108.08481,Downloaded PDF page 65; see metadata/citations.json for bibliographic context,documented,2108.08481v6.pdf,65
e534,neural-operator-2021,u-fno-2021,cites,Matched the paper title (or documented title variant) in the downloaded bibliography.,https://arxiv.org/abs/2108.08481,Downloaded PDF page 68; see metadata/citations.json for bibliographic context,documented,2108.08481v6.pdf,68
e535,seismic-2021,graph-kernel-2020,cites,Matched the paper title (or documented title variant) in the downloaded bibliography.,https://arxiv.org/abs/2108.05421,Downloaded PDF page 11; see metadata/citations.json for bibliographic context,documented,seismic-2021.pdf,11
e536,u-fno-2021,deeponet-2019,cites,Matched the paper title (or documented title variant) in the downloaded bibliography.,https://arxiv.org/abs/2109.03697,Downloaded PDF page 36; see metadata/citations.json for bibliographic context,documented,u-fno-2021.pdf,36
e537,u-fno-2021,fno-2020,cites,Matched the paper title (or documented title variant) in the downloaded bibliography.,https://arxiv.org/abs/2109.03697,Downloaded PDF page 36; see metadata/citations.json for bibliographic context,documented,u-fno-2021.pdf,36
e538,u-fno-2021,graph-kernel-2020,cites,Matched the paper title (or documented title variant) in the downloaded bibliography.,https://arxiv.org/abs/2109.03697,Downloaded PDF page 36; see metadata/citations.json for bibliographic context,documented,u-fno-2021.pdf,36
e539,fourcastnet-2022,fno-2020,cites,Matched the paper title (or documented title variant) in the downloaded bibliography.,https://arxiv.org/abs/2202.11214,Downloaded PDF page 22; see metadata/citations.json for bibliographic context,documented,2202.11214v1.pdf,22
e540,pdebench-2022,fno-2020,cites,Matched the paper title (or documented title variant) in the downloaded bibliography.,https://arxiv.org/abs/2210.07182,Downloaded PDF page 14; see metadata/citations.json for bibliographic context,documented,pdebench-2022.pdf,14
e541,pdebench-2022,neural-operator-2021,cites,Matched the paper title (or documented title variant) in the downloaded bibliography.,https://arxiv.org/abs/2210.07182,Downloaded PDF page 13; see metadata/citations.json for bibliographic context,documented,pdebench-2022.pdf,13
e542,cecm-2023,ecm-2017,cites,Matched the paper title (or documented title variant) in the downloaded bibliography.,https://arxiv.org/abs/2308.03877,Downloaded PDF page 37; see metadata/citations.json for bibliographic context,documented,cecm-2023.pdf,37
e543,dreamerv3-2023,world-models-2018,cites,Matched the paper title (or documented title variant) in the downloaded bibliography.,https://arxiv.org/abs/2301.04104,Downloaded PDF page 13; see metadata/citations.json for bibliographic context,documented,dreamerv3-2023.pdf,13
e544,em-design-2023,deeponet-2019,cites,Matched the paper title (or documented title variant) in the downloaded bibliography.,https://arxiv.org/abs/2302.01934,Downloaded PDF page 15; see metadata/citations.json for bibliographic context,documented,em-design-2023.pdf,15
e545,em-design-2023,fno-2020,cites,Matched the paper title (or documented title variant) in the downloaded bibliography.,https://arxiv.org/abs/2302.01934,Downloaded PDF page 16; see metadata/citations.json for bibliographic context,documented,em-design-2023.pdf,16
e546,em-design-2023,graph-kernel-2020,cites,Matched the paper title (or documented title variant) in the downloaded bibliography.,https://arxiv.org/abs/2302.01934,Downloaded PDF page 16; see metadata/citations.json for bibliographic context,documented,em-design-2023.pdf,16
e547,em-design-2023,neural-operator-2021,cites,Matched the paper title (or documented title variant) in the downloaded bibliography.,https://arxiv.org/abs/2302.01934,Downloaded PDF page 16; see metadata/citations.json for bibliographic context,documented,em-design-2023.pdf,16
e548,gino-2023,fno-2020,cites,Matched the paper title (or documented title variant) in the downloaded bibliography.,https://arxiv.org/abs/2309.00583,Downloaded PDF page 14; see metadata/citations.json for bibliographic context,documented,gino-2023.pdf,14
e549,gino-2023,gns-2020,cites,Matched the paper title (or documented title variant) in the downloaded bibliography.,https://arxiv.org/abs/2309.00583,Downloaded PDF page 14; see metadata/citations.json for bibliographic context,documented,gino-2023.pdf,14
e550,gino-2023,graph-kernel-2020,cites,Matched the paper title (or documented title variant) in the downloaded bibliography.,https://arxiv.org/abs/2309.00583,Downloaded PDF page 14; see metadata/citations.json for bibliographic context,documented,gino-2023.pdf,14
e551,gino-2023,neural-operator-2021,cites,Matched the paper title (or documented title variant) in the downloaded bibliography.,https://arxiv.org/abs/2309.00583,Downloaded PDF page 14; see metadata/citations.json for bibliographic context,documented,gino-2023.pdf,14
e552,gino-2023,seismic-2021,cites,Matched the paper title (or documented title variant) in the downloaded bibliography.,https://arxiv.org/abs/2309.00583,Downloaded PDF page 16; see metadata/citations.json for bibliographic context,documented,gino-2023.pdf,16
e553,gino-2023,fourcastnet-2022,cites,Matched the paper title (or documented title variant) in the downloaded bibliography.,https://arxiv.org/abs/2309.00583,Downloaded PDF page 14; see metadata/citations.json for bibliographic context,documented,gino-2023.pdf,14
e554,nio-2023,deeponet-2019,cites,Matched the paper title (or documented title variant) in the downloaded bibliography.,https://arxiv.org/abs/2301.11167,Downloaded PDF page 10; see metadata/citations.json for bibliographic context,documented,nio-2023.pdf,10
e555,nio-2023,neural-operator-2021,cites,Matched the paper title (or documented title variant) in the downloaded bibliography.,https://arxiv.org/abs/2301.11167,Downloaded PDF page 10; see metadata/citations.json for bibliographic context,documented,nio-2023.pdf,10
e556,nio-2023,fourcastnet-2022,cites,Matched the paper title (or documented title variant) in the downloaded bibliography.,https://arxiv.org/abs/2301.11167,Downloaded PDF page 11; see metadata/citations.json for bibliographic context,documented,nio-2023.pdf,11
e557,sfno-2023,u-fno-2021,cites,Matched the paper title (or documented title variant) in the downloaded bibliography.,https://arxiv.org/abs/2306.03838,Downloaded PDF page 12; see metadata/citations.json for bibliographic context,documented,sfno-2023.pdf,12
e558,fno-discretization-2024,deeponet-2019,cites,Matched the paper title (or documented title variant) in the downloaded bibliography.,https://arxiv.org/abs/2405.02221,Downloaded PDF page 11; see metadata/citations.json for bibliographic context,documented,fno-discretization-2024.pdf,11
e559,fno-discretization-2024,fno-2020,cites,Matched the paper title (or documented title variant) in the downloaded bibliography.,https://arxiv.org/abs/2405.02221,Downloaded PDF page 10; see metadata/citations.json for bibliographic context,documented,fno-discretization-2024.pdf,10
e560,fno-discretization-2024,neural-operator-2021,cites,Matched the paper title (or documented title variant) in the downloaded bibliography.,https://arxiv.org/abs/2405.02221,Downloaded PDF page 10; see metadata/citations.json for bibliographic context,documented,fno-discretization-2024.pdf,10
e561,fno-discretization-2024,fourcastnet-2022,cites,Matched the paper title (or documented title variant) in the downloaded bibliography.,https://arxiv.org/abs/2405.02221,Downloaded PDF page 11; see metadata/citations.json for bibliographic context,documented,fno-discretization-2024.pdf,11
e562,kno-2024,deeponet-2019,cites,Matched the paper title (or documented title variant) in the downloaded bibliography.,https://arxiv.org/abs/2407.00809,Downloaded PDF page 17; see metadata/citations.json for bibliographic context,documented,kno-2024.pdf,17
e563,kno-2024,fno-2020,cites,Matched the paper title (or documented title variant) in the downloaded bibliography.,https://arxiv.org/abs/2407.00809,Downloaded PDF page 16; see metadata/citations.json for bibliographic context,documented,kno-2024.pdf,16
e564,kno-2024,graph-kernel-2020,cites,Matched the paper title (or documented title variant) in the downloaded bibliography.,https://arxiv.org/abs/2407.00809,Downloaded PDF page 16; see metadata/citations.json for bibliographic context,documented,kno-2024.pdf,16
e565,kno-2024,neural-operator-2021,cites,Matched the paper title (or documented title variant) in the downloaded bibliography.,https://arxiv.org/abs/2407.00809,Downloaded PDF page 16; see metadata/citations.json for bibliographic context,documented,kno-2024.pdf,16
e566,kno-2024,pdebench-2022,cites,Matched the paper title (or documented title variant) in the downloaded bibliography.,https://arxiv.org/abs/2407.00809,Downloaded PDF page 18; see metadata/citations.json for bibliographic context,documented,kno-2024.pdf,18
e567,kno-2024,gino-2023,cites,Matched the paper title (or documented title variant) in the downloaded bibliography.,https://arxiv.org/abs/2407.00809,Downloaded PDF page 17; see metadata/citations.json for bibliographic context,documented,kno-2024.pdf,17
e568,neuralop-library-2024,fno-2020,cites,Matched the paper title (or documented title variant) in the downloaded bibliography.,https://arxiv.org/abs/2412.10354,Downloaded PDF page 6; see metadata/citations.json for bibliographic context,documented,neuralop-library-2024.pdf,6
e569,neuralop-library-2024,graph-kernel-2020,cites,Matched the paper title (or documented title variant) in the downloaded bibliography.,https://arxiv.org/abs/2412.10354,Downloaded PDF page 6; see metadata/citations.json for bibliographic context,documented,neuralop-library-2024.pdf,6
e570,neuralop-library-2024,neural-operator-2021,cites,Matched the paper title (or documented title variant) in the downloaded bibliography.,https://arxiv.org/abs/2412.10354,Downloaded PDF page 5; see metadata/citations.json for bibliographic context,documented,neuralop-library-2024.pdf,5
e571,neuralop-library-2024,gino-2023,cites,Matched the paper title (or documented title variant) in the downloaded bibliography.,https://arxiv.org/abs/2412.10354,Downloaded PDF page 6; see metadata/citations.json for bibliographic context,documented,neuralop-library-2024.pdf,6
e572,neuralop-library-2024,sfno-2023,cites,Matched the paper title (or documented title variant) in the downloaded bibliography.,https://arxiv.org/abs/2412.10354,Downloaded PDF page 5; see metadata/citations.json for bibliographic context,documented,neuralop-library-2024.pdf,5
e573,neuralop-library-2024,practical-fno-2025,cites,Matched the paper title (or documented title variant) in the downloaded bibliography.,https://arxiv.org/abs/2412.10354,Downloaded PDF page 5; see metadata/citations.json for bibliographic context,documented,neuralop-library-2024.pdf,5
e574,neuralop-library-2024,principled-2026,cites,Matched the paper title (or documented title variant) in the downloaded bibliography.,https://arxiv.org/abs/2412.10354,Downloaded PDF page 5; see metadata/citations.json for bibliographic context,documented,neuralop-library-2024.pdf,5
e575,nfm-2024,fno-2020,cites,Matched the paper title (or documented title variant) in the downloaded bibliography.,https://arxiv.org/abs/2410.04703,Downloaded PDF page 27; see metadata/citations.json for bibliographic context,documented,nfm-2024.pdf,27
e576,operator-sampling-2024,chen-1995,cites,Matched the paper title (or documented title variant) in the downloaded bibliography.,https://arxiv.org/abs/2410.23440,Downloaded PDF page 35; see metadata/citations.json for bibliographic context,documented,operator-sampling-2024.pdf,35
e577,operator-sampling-2024,deeponet-2019,cites,Matched the paper title (or documented title variant) in the downloaded bibliography.,https://arxiv.org/abs/2410.23440,Downloaded PDF page 36; see metadata/citations.json for bibliographic context,documented,operator-sampling-2024.pdf,36
e578,operator-sampling-2024,fno-2020,cites,Matched the paper title (or documented title variant) in the downloaded bibliography.,https://arxiv.org/abs/2410.23440,Downloaded PDF page 36; see metadata/citations.json for bibliographic context,documented,operator-sampling-2024.pdf,36
e579,operator-sampling-2024,neural-operator-2021,cites,Matched the paper title (or documented title variant) in the downloaded bibliography.,https://arxiv.org/abs/2410.23440,Downloaded PDF page 36; see metadata/citations.json for bibliographic context,documented,operator-sampling-2024.pdf,36
e580,optimal-sampling-2024,cs-generative-2017,cites,Matched the paper title (or documented title variant) in the downloaded bibliography.,https://arxiv.org/abs/2409.02342,Downloaded PDF page 34; see metadata/citations.json for bibliographic context,documented,optimal-sampling-2024.pdf,34
e581,optimal-sampling-2024,nonlinear-sampling-2024,cites,Matched the paper title (or documented title variant) in the downloaded bibliography.,https://arxiv.org/abs/2409.02342,Downloaded PDF page 33; see metadata/citations.json for bibliographic context,documented,optimal-sampling-2024.pdf,33
e582,pno-2024,chen-1995,cites,Matched the paper title (or documented title variant) in the downloaded bibliography.,https://arxiv.org/abs/2410.17547,Downloaded PDF page 11; see metadata/citations.json for bibliographic context,documented,pno-2024.pdf,11
e583,pno-2024,deeponet-2019,cites,Matched the paper title (or documented title variant) in the downloaded bibliography.,https://arxiv.org/abs/2410.17547,Downloaded PDF page 14; see metadata/citations.json for bibliographic context,documented,pno-2024.pdf,14
e584,pno-2024,fno-2020,cites,Matched the paper title (or documented title variant) in the downloaded bibliography.,https://arxiv.org/abs/2410.17547,Downloaded PDF page 13; see metadata/citations.json for bibliographic context,documented,pno-2024.pdf,13
e585,pno-2024,neural-operator-2021,cites,Matched the paper title (or documented title variant) in the downloaded bibliography.,https://arxiv.org/abs/2410.17547,Downloaded PDF page 12; see metadata/citations.json for bibliographic context,documented,pno-2024.pdf,12
e586,pno-2024,seismic-2021,cites,Matched the paper title (or documented title variant) in the downloaded bibliography.,https://arxiv.org/abs/2410.17547,Downloaded PDF page 15; see metadata/citations.json for bibliographic context,documented,pno-2024.pdf,15
e587,pno-2024,gino-2023,cites,Matched the paper title (or documented title variant) in the downloaded bibliography.,https://arxiv.org/abs/2410.17547,Downloaded PDF page 13; see metadata/citations.json for bibliographic context,documented,pno-2024.pdf,13
e588,poseidon-2024,chen-1995,cites,Matched the paper title (or documented title variant) in the downloaded bibliography.,https://arxiv.org/abs/2405.19101,Downloaded PDF page 12; see metadata/citations.json for bibliographic context,documented,poseidon-2024.pdf,12
e589,poseidon-2024,deeponet-2019,cites,Matched the paper title (or documented title variant) in the downloaded bibliography.,https://arxiv.org/abs/2405.19101,Downloaded PDF page 13; see metadata/citations.json for bibliographic context,documented,poseidon-2024.pdf,13
e590,poseidon-2024,fno-2020,cites,Matched the paper title (or documented title variant) in the downloaded bibliography.,https://arxiv.org/abs/2405.19101,Downloaded PDF page 13; see metadata/citations.json for bibliographic context,documented,poseidon-2024.pdf,13
e591,poseidon-2024,gns-2020,cites,Matched the paper title (or documented title variant) in the downloaded bibliography.,https://arxiv.org/abs/2405.19101,Downloaded PDF page 15; see metadata/citations.json for bibliographic context,documented,poseidon-2024.pdf,15
e592,poseidon-2024,neural-operator-2021,cites,Matched the paper title (or documented title variant) in the downloaded bibliography.,https://arxiv.org/abs/2405.19101,Downloaded PDF page 12; see metadata/citations.json for bibliographic context,documented,poseidon-2024.pdf,12
e593,poseidon-2024,pdebench-2022,cites,Matched the paper title (or documented title variant) in the downloaded bibliography.,https://arxiv.org/abs/2405.19101,Downloaded PDF page 15; see metadata/citations.json for bibliographic context,documented,poseidon-2024.pdf,15
e594,poseidon-2024,nio-2023,cites,Matched the paper title (or documented title variant) in the downloaded bibliography.,https://arxiv.org/abs/2405.19101,Downloaded PDF page 14; see metadata/citations.json for bibliographic context,documented,poseidon-2024.pdf,14
e595,poseidon-2024,sfno-2023,cites,Matched the paper title (or documented title variant) in the downloaded bibliography.,https://arxiv.org/abs/2405.19101,Downloaded PDF page 11; see metadata/citations.json for bibliographic context,documented,poseidon-2024.pdf,11
e596,well-2024,fno-2020,cites,Matched the paper title (or documented title variant) in the downloaded bibliography.,https://arxiv.org/abs/2412.00568,Downloaded PDF page 17; see metadata/citations.json for bibliographic context,documented,well-2024.pdf,17
e597,well-2024,neural-operator-2021,cites,Matched the paper title (or documented title variant) in the downloaded bibliography.,https://arxiv.org/abs/2412.00568,Downloaded PDF page 17; see metadata/citations.json for bibliographic context,documented,well-2024.pdf,17
e598,well-2024,pdebench-2022,cites,Matched the paper title (or documented title variant) in the downloaded bibliography.,https://arxiv.org/abs/2412.00568,Downloaded PDF page 13; see metadata/citations.json for bibliographic context,documented,well-2024.pdf,13
e599,well-2024,poseidon-2024,cites,Matched the paper title (or documented title variant) in the downloaded bibliography.,https://arxiv.org/abs/2412.00568,Downloaded PDF page 14; see metadata/citations.json for bibliographic context,documented,well-2024.pdf,14
e600,deepvivonet-2025,chen-1995,cites,Matched the paper title (or documented title variant) in the downloaded bibliography.,https://arxiv.org/abs/2501.04105,Downloaded PDF page 16; see metadata/citations.json for bibliographic context,documented,deepvivonet-2025.pdf,16
e601,deepvivonet-2025,deeponet-2019,cites,Matched the paper title (or documented title variant) in the downloaded bibliography.,https://arxiv.org/abs/2501.04105,Downloaded PDF page 16; see metadata/citations.json for bibliographic context,documented,deepvivonet-2025.pdf,16
e602,fourcastnet3-2025,fourcastnet-2022,cites,Matched the paper title (or documented title variant) in the downloaded bibliography.,https://arxiv.org/abs/2507.12144,Downloaded PDF page 9; see metadata/citations.json for bibliographic context,documented,fourcastnet3-2025.pdf,9
e603,fourcastnet3-2025,sfno-2023,cites,Matched the paper title (or documented title variant) in the downloaded bibliography.,https://arxiv.org/abs/2507.12144,Downloaded PDF page 9; see metadata/citations.json for bibliographic context,documented,fourcastnet3-2025.pdf,9
e604,learnable-quadrature-2025,fno-2020,cites,Matched the paper title (or documented title variant) in the downloaded bibliography.,https://papers.neurips.cc/paper_files/paper/2025/hash/382b95a6580cfb0b5ca33c74b4e0e770-Abstract-Conference.html,Downloaded PDF page 12; see metadata/citations.json for bibliographic context,documented,learnable-quadrature-2025.pdf,12
e605,learnable-quadrature-2025,graph-kernel-2020,cites,Matched the paper title (or documented title variant) in the downloaded bibliography.,https://papers.neurips.cc/paper_files/paper/2025/hash/382b95a6580cfb0b5ca33c74b4e0e770-Abstract-Conference.html,Downloaded PDF page 12; see metadata/citations.json for bibliographic context,documented,learnable-quadrature-2025.pdf,12
e606,learnable-quadrature-2025,neural-operator-2021,cites,Matched the paper title (or documented title variant) in the downloaded bibliography.,https://papers.neurips.cc/paper_files/paper/2025/hash/382b95a6580cfb0b5ca33c74b4e0e770-Abstract-Conference.html,Downloaded PDF page 12; see metadata/citations.json for bibliographic context,documented,learnable-quadrature-2025.pdf,12
e607,manufacturing-2025,deeponet-2019,cites,Matched the paper title (or documented title variant) in the downloaded bibliography.,https://arxiv.org/abs/2511.13178,Downloaded PDF page 31; see metadata/citations.json for bibliographic context,documented,manufacturing-2025.pdf,31
e608,practical-fno-2025,deeponet-2019,cites,Matched the paper title (or documented title variant) in the downloaded bibliography.,https://arxiv.org/abs/2512.01421,Downloaded PDF page 93; see metadata/citations.json for bibliographic context,documented,practical-fno-2025.pdf,93
e609,practical-fno-2025,fno-2020,cites,Matched the paper title (or documented title variant) in the downloaded bibliography.,https://arxiv.org/abs/2512.01421,Downloaded PDF page 92; see metadata/citations.json for bibliographic context,documented,practical-fno-2025.pdf,92
e610,practical-fno-2025,graph-kernel-2020,cites,Matched the paper title (or documented title variant) in the downloaded bibliography.,https://arxiv.org/abs/2512.01421,Downloaded PDF page 92; see metadata/citations.json for bibliographic context,documented,practical-fno-2025.pdf,92
e611,practical-fno-2025,neural-operator-2021,cites,Matched the paper title (or documented title variant) in the downloaded bibliography.,https://arxiv.org/abs/2512.01421,Downloaded PDF page 92; see metadata/citations.json for bibliographic context,documented,practical-fno-2025.pdf,92
e612,practical-fno-2025,seismic-2021,cites,Matched the paper title (or documented title variant) in the downloaded bibliography.,https://arxiv.org/abs/2512.01421,Downloaded PDF page 96; see metadata/citations.json for bibliographic context,documented,practical-fno-2025.pdf,96
e613,practical-fno-2025,u-fno-2021,cites,Matched the paper title (or documented title variant) in the downloaded bibliography.,https://arxiv.org/abs/2512.01421,Downloaded PDF page 95; see metadata/citations.json for bibliographic context,documented,practical-fno-2025.pdf,95
e614,practical-fno-2025,gino-2023,cites,Matched the paper title (or documented title variant) in the downloaded bibliography.,https://arxiv.org/abs/2512.01421,Downloaded PDF page 93; see metadata/citations.json for bibliographic context,documented,practical-fno-2025.pdf,93
e615,practical-fno-2025,sfno-2023,cites,Matched the paper title (or documented title variant) in the downloaded bibliography.,https://arxiv.org/abs/2512.01421,Downloaded PDF page 88; see metadata/citations.json for bibliographic context,documented,practical-fno-2025.pdf,88
e616,practical-fno-2025,neuralop-library-2024,cites,Matched the paper title (or documented title variant) in the downloaded bibliography.,https://arxiv.org/abs/2512.01421,Downloaded PDF page 92; see metadata/citations.json for bibliographic context,documented,practical-fno-2025.pdf,92
e617,practical-fno-2025,principled-2026,cites,Matched the paper title (or documented title variant) in the downloaded bibliography.,https://arxiv.org/abs/2512.01421,Downloaded PDF page 88; see metadata/citations.json for bibliographic context,documented,practical-fno-2025.pdf,88
e618,vjepa2-2025,world-models-2018,cites,Matched the paper title (or documented title variant) in the downloaded bibliography.,https://arxiv.org/abs/2506.09985,Downloaded PDF page 27; see metadata/citations.json for bibliographic context,documented,vjepa2-2025.pdf,27
e619,vjepa2-2025,dreamerv3-2023,cites,Matched the paper title (or documented title variant) in the downloaded bibliography.,https://arxiv.org/abs/2506.09985,Downloaded PDF page 27; see metadata/citations.json for bibliographic context,documented,vjepa2-2025.pdf,27
e620,acoustic-quadrature-2026,deeponet-2019,cites,Matched the paper title (or documented title variant) in the downloaded bibliography.,https://arxiv.org/abs/2607.04407,Downloaded PDF page 24; see metadata/citations.json for bibliographic context,documented,acoustic-quadrature-2026.pdf,24
e621,acoustic-quadrature-2026,fno-2020,cites,Matched the paper title (or documented title variant) in the downloaded bibliography.,https://arxiv.org/abs/2607.04407,Downloaded PDF page 24; see metadata/citations.json for bibliographic context,documented,acoustic-quadrature-2026.pdf,24
e622,acoustic-quadrature-2026,neural-operator-2021,cites,Matched the paper title (or documented title variant) in the downloaded bibliography.,https://arxiv.org/abs/2607.04407,Downloaded PDF page 24; see metadata/citations.json for bibliographic context,documented,acoustic-quadrature-2026.pdf,24
e623,acoustic-quadrature-2026,gino-2023,cites,Matched the paper title (or documented title variant) in the downloaded bibliography.,https://arxiv.org/abs/2607.04407,Downloaded PDF page 24; see metadata/citations.json for bibliographic context,documented,acoustic-quadrature-2026.pdf,24
e624,adaptive-cubature-2026,ecm-2017,cites,Matched the paper title (or documented title variant) in the downloaded bibliography.,https://arxiv.org/abs/2609.03068,Downloaded PDF page 47; see metadata/citations.json for bibliographic context,documented,adaptive-cubature-2026.pdf,47
e625,adaptive-cubature-2026,cecm-2023,cites,Matched the paper title (or documented title variant) in the downloaded bibliography.,https://arxiv.org/abs/2609.03068,Downloaded PDF page 48; see metadata/citations.json for bibliographic context,documented,adaptive-cubature-2026.pdf,48
e626,composition-2026,neural-operator-2021,cites,Matched the paper title (or documented title variant) in the downloaded bibliography.,https://arxiv.org/abs/2609.03069,Downloaded PDF page 10; see metadata/citations.json for bibliographic context,documented,composition-2026.pdf,10
e627,composition-2026,poseidon-2024,cites,Matched the paper title (or documented title variant) in the downloaded bibliography.,https://arxiv.org/abs/2609.03069,Downloaded PDF page 9; see metadata/citations.json for bibliographic context,documented,composition-2026.pdf,9
e628,frame-kernel-2026,deeponet-2019,cites,Matched the paper title (or documented title variant) in the downloaded bibliography.,https://arxiv.org/abs/2608.25084,Downloaded PDF page 24; see metadata/citations.json for bibliographic context,documented,frame-kernel-2026.pdf,24
e629,frame-kernel-2026,fno-2020,cites,Matched the paper title (or documented title variant) in the downloaded bibliography.,https://arxiv.org/abs/2608.25084,Downloaded PDF page 24; see metadata/citations.json for bibliographic context,documented,frame-kernel-2026.pdf,24
e630,frame-kernel-2026,neural-operator-2021,cites,Matched the paper title (or documented title variant) in the downloaded bibliography.,https://arxiv.org/abs/2608.25084,Downloaded PDF page 24; see metadata/citations.json for bibliographic context,documented,frame-kernel-2026.pdf,24
e631,frame-kernel-2026,pdebench-2022,cites,Matched the paper title (or documented title variant) in the downloaded bibliography.,https://arxiv.org/abs/2608.25084,Downloaded PDF page 25; see metadata/citations.json for bibliographic context,documented,frame-kernel-2026.pdf,25
e632,frame-kernel-2026,kno-2024,cites,Matched the paper title (or documented title variant) in the downloaded bibliography.,https://arxiv.org/abs/2608.25084,Downloaded PDF page 24; see metadata/citations.json for bibliographic context,documented,frame-kernel-2026.pdf,24
e633,theory-tour-2026,chen-1995,cites,Matched the paper title (or documented title variant) in the downloaded bibliography.,https://arxiv.org/abs/2603.00819,Downloaded PDF page 12; see metadata/citations.json for bibliographic context,documented,theory-tour-2026.pdf,12
e634,theory-tour-2026,deeponet-2019,cites,Matched the paper title (or documented title variant) in the downloaded bibliography.,https://arxiv.org/abs/2603.00819,Downloaded PDF page 13; see metadata/citations.json for bibliographic context,documented,theory-tour-2026.pdf,13
e635,theory-tour-2026,fno-2020,cites,Matched the paper title (or documented title variant) in the downloaded bibliography.,https://arxiv.org/abs/2603.00819,Downloaded PDF page 13; see metadata/citations.json for bibliographic context,documented,theory-tour-2026.pdf,13
e636,theory-tour-2026,operator-sampling-2024,cites,Matched the paper title (or documented title variant) in the downloaded bibliography.,https://arxiv.org/abs/2603.00819,Downloaded PDF page 12; see metadata/citations.json for bibliographic context,documented,theory-tour-2026.pdf,12
e637,vjepa21-2026,world-models-2018,cites,Matched the paper title (or documented title variant) in the downloaded bibliography.,https://arxiv.org/abs/2603.14482,Downloaded PDF page 27; see metadata/citations.json for bibliographic context,documented,vjepa21-2026.pdf,27
e638,vjepa21-2026,vjepa2-2025,cites,Matched the paper title (or documented title variant) in the downloaded bibliography.,https://arxiv.org/abs/2603.14482,Downloaded PDF page 25; see metadata/citations.json for bibliographic context,documented,vjepa21-2026.pdf,25
e639,deeponet-2019,chen-1995,theoretical_precursor,DeepONet explicitly motivates its architecture through operator universal approximation.,https://arxiv.org/abs/1910.03193,"Abstract/method comparison; analyst reading link, not a verified citation",analyst_inference,,
e640,cs-polynomials-2017,stable-cs-2005,method_connection,Sparse polynomial recovery uses the sparse-reconstruction framework; assumptions on samples remain essential.,https://arxiv.org/abs/1703.06987,"Abstract/method comparison; analyst reading link, not a verified citation",analyst_inference,,
e641,cs-polynomials-2017,sparse-operators-2012,conceptual_bridge,"Sparse approximation of functions and sparse identification of operators suggest complementary approaches, but their model classes differ.",https://arxiv.org/abs/1703.06987,"Abstract/method comparison; analyst reading link, not a verified citation",analyst_inference,,
e642,operator-sampling-2024,cs-polynomials-2017,method_connection,Moves from high-dimensional function approximation to information limits for operator-valued learning.,https://arxiv.org/abs/2410.23440,"Abstract/method comparison; analyst reading link, not a verified citation",analyst_inference,,
e643,optimal-sampling-2024,cs-polynomials-2017,method_connection,Continues the sampling/approximation thread through weighted least squares and approximation-space-aware sampling.,https://arxiv.org/abs/2409.02342,"Abstract/method comparison; analyst reading link, not a verified citation",analyst_inference,,
e644,nonlinear-sampling-2024,cs-generative-2017,method_connection,The newer framework explicitly includes compressed sensing with generative models.,https://proceedings.mlr.press/v235/adcock24a.html,"Abstract/method comparison; analyst reading link, not a verified citation",analyst_inference,,
e645,theory-tour-2026,operator-sampling-2024,method_connection,A useful complementary view of sample-complexity limits; not an assertion that the survey covers the September revision.,https://arxiv.org/abs/2603.00819,"Abstract/method comparison; analyst reading link, not a verified citation",analyst_inference,,
e646,theory-tour-2026,neural-operator-2021,method_connection,Places operator expressivity alongside statistical and approximation-rate questions.,https://arxiv.org/abs/2603.00819,"Abstract/method comparison; analyst reading link, not a verified citation",analyst_inference,,
e647,deim-2009,eim-2004,method_connection,Discrete empirical interpolation develops selected-entry approximation for reduced nonlinear models.,https://laertes.caam.rice.edu/tech_reports/2009/TR09-05.pdf,"Abstract/method comparison; analyst reading link, not a verified citation",analyst_inference,,
e648,ecm-2017,deim-2009,method_connection,Both reduce costly nonlinear evaluation; cubature targets integrals while DEIM approximates nonlinear vectors.,https://upcommons.upc.edu/handle/2117/91502?locale-attribute=en,"Abstract/method comparison; analyst reading link, not a verified citation",analyst_inference,,
e649,cecm-2023,ecm-2017,method_connection,Extends empirical cubature by permitting point locations to move.,https://arxiv.org/abs/2308.03877,"Abstract/method comparison; analyst reading link, not a verified citation",analyst_inference,,
e650,adaptive-cubature-2026,ecm-2017,method_connection,Allows weights to vary with latent state instead of remaining fixed over the manifold.,https://arxiv.org/abs/2609.03068,"Abstract/method comparison; analyst reading link, not a verified citation",analyst_inference,,
e651,adaptive-cubature-2026,cecm-2023,method_connection,Related empirical-cubature development with shared authors; adaptive weights and movable points are distinct freedoms.,https://arxiv.org/abs/2609.03068,"Abstract/method comparison; analyst reading link, not a verified citation",analyst_inference,,
e652,kno-2024,cecm-2023,conceptual_bridge,Hypothesis: fit empirical cubature rules to the integrand families of a trained KNO.,https://arxiv.org/abs/2407.00809,"Abstract/method comparison; analyst reading link, not a verified citation",analyst_inference,,
e653,kno-2024,adaptive-cubature-2026,conceptual_bridge,Hypothesis: use state-dependent weights to reduce kernel evaluations; the cubature paper does not test this neural-operator application.,https://arxiv.org/abs/2407.00809,"Abstract/method comparison; analyst reading link, not a verified citation",analyst_inference,,
e654,learnable-quadrature-2025,kno-2024,conceptual_bridge,"Training-loss quadrature and inference-layer quadrature could exchange techniques, but their objectives differ.",https://papers.neurips.cc/paper_files/paper/2025/hash/382b95a6580cfb0b5ca33c74b4e0e770-Abstract-Conference.html,"Abstract/method comparison; analyst reading link, not a verified citation",analyst_inference,,
e655,acoustic-quadrature-2026,principled-2026,conceptual_bridge,Both use coordinate-aware weighted integration; dates alone do not establish citation or influence.,https://arxiv.org/abs/2607.04407,"Abstract/method comparison; analyst reading link, not a verified citation",analyst_inference,,
e656,acoustic-quadrature-2026,cecm-2023,conceptual_bridge,Potential sparse-rule application for a learned boundary integrand; not demonstrated by these papers together.,https://arxiv.org/abs/2607.04407,"Abstract/method comparison; analyst reading link, not a verified citation",analyst_inference,,
e657,frame-kernel-2026,cs-polynomials-2017,conceptual_bridge,Coefficient-space operator learning offers a testbed for sparsity assumptions; frame structure alone does not establish compressed-sensing guarantees.,https://arxiv.org/abs/2608.25084,"Abstract/method comparison; analyst reading link, not a verified citation",analyst_inference,,
e658,frame-kernel-2026,kno-2024,method_connection,"Both investigate kernel-based alternatives to common neural operators, with different representations.",https://arxiv.org/abs/2608.25084,"Abstract/method comparison; analyst reading link, not a verified citation",analyst_inference,,
e659,fno-2020,graph-kernel-2020,method_connection,Two early efficient parameterizations of function-space kernel interactions.,https://arxiv.org/abs/2010.08895,"Abstract/method comparison; analyst reading link, not a verified citation",analyst_inference,,
e660,neural-operator-2021,fno-2020,method_connection,The foundational treatment includes Fourier operators among its architecture classes.,https://arxiv.org/abs/2108.08481,"Abstract/method comparison; analyst reading link, not a verified citation",analyst_inference,,
e661,fno-discretization-2024,fno-2020,analyzes,Studies finite-grid evaluation error in the Fourier neural operator.,https://arxiv.org/abs/2405.02221,"Abstract/method comparison; analyst reading link, not a verified citation",analyst_inference,,
e662,fourcastnet-2022,fno-2020,method_connection,Adaptive Fourier operator processing brings spectral operator ideas to global forecasting.,https://arxiv.org/abs/2202.11214,"Abstract/method comparison; analyst reading link, not a verified citation",analyst_inference,,
e663,sfno-2023,fourcastnet-2022,method_connection,Atmospheric modeling motivates spherical rather than flat spectral geometry.,https://arxiv.org/abs/2306.03838,"Abstract/method comparison; analyst reading link, not a verified citation",analyst_inference,,
e664,fourcastnet3-2025,sfno-2023,method_connection,Continues the geometric weather-modeling program with probabilistic spherical convolution; not an identical SFNO architecture.,https://arxiv.org/abs/2507.12144,"Abstract/method comparison; analyst reading link, not a verified citation",analyst_inference,,
e665,poseidon-2024,fno-2020,method_connection,Moves beyond single-problem operator fitting toward pretrained PDE models.,https://arxiv.org/abs/2405.19101,"Abstract/method comparison; analyst reading link, not a verified citation",analyst_inference,,
e666,composition-2026,poseidon-2024,conceptual_bridge,Two routes toward cheaper adaptation: broad pretraining and local modular composition.,https://arxiv.org/abs/2609.03069,"Abstract/method comparison; analyst reading link, not a verified citation",analyst_inference,,
e667,gino-2023,fno-2020,method_connection,Combines graph transformations with a regular latent Fourier representation.,https://arxiv.org/abs/2309.00583,"Abstract/method comparison; analyst reading link, not a verified citation",analyst_inference,,
e668,u-fno-2021,fno-2020,method_connection,Extends Fourier operator processing for multiphase subsurface flow.,https://arxiv.org/abs/2109.03697,"Abstract/method comparison; analyst reading link, not a verified citation",analyst_inference,,
e669,seismic-2021,fno-2020,method_connection,Applies Fourier operator learning to seismic forward and inverse problems.,https://arxiv.org/abs/2108.05421,"Abstract/method comparison; analyst reading link, not a verified citation",analyst_inference,,
e670,em-design-2023,fno-2020,method_connection,Uses operator surrogates for repeated electromagnetic design evaluation.,https://arxiv.org/abs/2302.01934,"Abstract/method comparison; analyst reading link, not a verified citation",analyst_inference,,
e671,nio-2023,deeponet-2019,method_connection,Combines DeepONet and FNO components for inverse operator mappings.,https://arxiv.org/abs/2301.11167,"Abstract/method comparison; analyst reading link, not a verified citation",analyst_inference,,
e672,nio-2023,fno-2020,method_connection,Combines DeepONet and FNO components for inverse operator mappings.,https://arxiv.org/abs/2301.11167,"Abstract/method comparison; analyst reading link, not a verified citation",analyst_inference,,
e673,deepvivonet-2025,deeponet-2019,method_connection,Uses a DeepONet-based model for marine-riser dynamics.,https://arxiv.org/abs/2501.04105,"Abstract/method comparison; analyst reading link, not a verified citation",analyst_inference,,
e674,deepvivonet-2025,cecm-2023,conceptual_bridge,"Both select points, but physical sensor optimization and integrand subsampling solve different problems.",https://arxiv.org/abs/2501.04105,"Abstract/method comparison; analyst reading link, not a verified citation",analyst_inference,,
e675,pno-2024,fno-2020,method_connection,Uses operator learning to approximate a motion-planning value-function map.,https://arxiv.org/abs/2410.17547,"Abstract/method comparison; analyst reading link, not a verified citation",analyst_inference,,
e676,pde-control-2023,deeponet-2019,method_connection,Uses DeepONet to approximate a controller-design operator.,https://arxiv.org/abs/2307.11436,"Abstract/method comparison; analyst reading link, not a verified citation",analyst_inference,,
e677,soft-robot-2026,pno-2024,conceptual_bridge,Direct robotics applications with different outputs: physical shape versus planning value.,https://arxiv.org/abs/2602.18655,"Abstract/method comparison; analyst reading link, not a verified citation",analyst_inference,,
e678,soft-robot-2026,vjepa2-2025,conceptual_bridge,Hypothesis: combine a field/shape predictor with a perceptual action-conditioned planning system.,https://arxiv.org/abs/2602.18655,"Abstract/method comparison; analyst reading link, not a verified citation",analyst_inference,,
e679,gns-2020,soft-robot-2026,conceptual_bridge,Graph-based physical simulation is a relevant comparator for learned deformable-body models.,https://arxiv.org/abs/2002.09405,"Abstract/method comparison; analyst reading link, not a verified citation",analyst_inference,,
e680,dreamerv3-2023,world-models-2018,method_connection,"Both learn latent predictive environments for control; represents a reading lineage, not a verified citation edge.",https://arxiv.org/abs/2301.04104,"Abstract/method comparison; analyst reading link, not a verified citation",analyst_inference,,
e681,vjepa2-2025,dreamerv3-2023,conceptual_bridge,"Both support action-conditioned planning or learning, but representation objectives and control procedures differ.",https://arxiv.org/abs/2506.09985,"Abstract/method comparison; analyst reading link, not a verified citation",analyst_inference,,
e682,vjepa21-2026,vjepa2-2025,method_connection,Direct continuation of the V-JEPA model family toward dense representations.,https://arxiv.org/abs/2603.14482,"Abstract/method comparison; analyst reading link, not a verified citation",analyst_inference,,
e683,manufacturing-2025,deeponet-2019,method_connection,Uses a DeepONet/recurrent formulation for thermal-history to distortion prediction.,https://arxiv.org/abs/2511.13178,"Abstract/method comparison; analyst reading link, not a verified citation",analyst_inference,,
e684,ultrasound-2024,deeponet-2019,method_connection,Uses a convolutional DeepONet for acoustic field prediction.,https://arxiv.org/abs/2412.16118,"Abstract/method comparison; analyst reading link, not a verified citation",analyst_inference,,
e685,nfm-2024,fno-2020,conceptual_bridge,"Frequency-domain time-series modeling is an adjacent baseline, not automatically the same operator formulation.",https://arxiv.org/abs/2410.04703,"Abstract/method comparison; analyst reading link, not a verified citation",analyst_inference,,
e686,sindy-2015,sparse-operators-2012,conceptual_bridge,"Both identify structured dynamics, but sparse evolution laws differ from sparse linear operators.",https://arxiv.org/abs/1509.03580,"Abstract/method comparison; analyst reading link, not a verified citation",analyst_inference,,
e687,pdebench-2022,well-2024,method_connection,"Complementary simulation benchmarks, with The Well broadening the range of physical behavior.",https://arxiv.org/abs/2210.07182,"Abstract/method comparison; analyst reading link, not a verified citation",analyst_inference,,
e688,author:gaurav-gupta,mwt-2021,authored,Author listed in the primary paper byline.,https://arxiv.org/abs/2109.13459,"Primary abstract and byline, checked 2026-09-10",documented,,
e689,author:xiongye-xiao,mwt-2021,authored,Author listed in the primary paper byline.,https://arxiv.org/abs/2109.13459,"Primary abstract and byline, checked 2026-09-10",documented,,
e690,author:paul-bogdan,mwt-2021,authored,Author listed in the primary paper byline.,https://arxiv.org/abs/2109.13459,"Primary abstract and byline, checked 2026-09-10",documented,,
e691,mwt-2021,field:operator-learning,classified_in,Projects operator kernels onto fixed multiwavelet polynomial bases and learns interactions across scales. Demonstrated on several PDE families.,https://arxiv.org/abs/2109.13459,"Primary abstract and byline, checked 2026-09-10",curated_classification,,
e692,mwt-2021,field:wavelets,classified_in,Projects operator kernels onto fixed multiwavelet polynomial bases and learns interactions across scales. Demonstrated on several PDE families.,https://arxiv.org/abs/2109.13459,"Primary abstract and byline, checked 2026-09-10",curated_classification,,
e693,mwt-2021,area:operators,bridges_field,Projects operator kernels onto fixed multiwavelet polynomial bases and learns interactions across scales. Demonstrated on several PDE families.,https://arxiv.org/abs/2109.13459,"Primary abstract and byline, checked 2026-09-10",curated_classification,,
e694,mwt-2021,area:engineering,bridges_field,Projects operator kernels onto fixed multiwavelet polynomial bases and learns interactions across scales. Demonstrated on several PDE families.,https://arxiv.org/abs/2109.13459,"Primary abstract and byline, checked 2026-09-10",curated_classification,,
e695,author:tapas-tripura,wno-2022,authored,Author listed in the primary paper byline.,https://arxiv.org/abs/2205.02191,"Primary abstract and byline, checked 2026-09-10",documented,,
e696,author:souvik-chakraborty,wno-2022,authored,Author listed in the primary paper byline.,https://arxiv.org/abs/2205.02191,"Primary abstract and byline, checked 2026-09-10",documented,,
e697,wno-2022,field:operator-learning,classified_in,Combines learned integral-kernel operations with localized wavelet transforms. Examples include PDE solution maps and air-temperature prediction.,https://arxiv.org/abs/2205.02191,"Primary abstract and byline, checked 2026-09-10",curated_classification,,
e698,wno-2022,field:wavelets,classified_in,Combines learned integral-kernel operations with localized wavelet transforms. Examples include PDE solution maps and air-temperature prediction.,https://arxiv.org/abs/2205.02191,"Primary abstract and byline, checked 2026-09-10",curated_classification,,
e699,wno-2022,area:operators,bridges_field,Combines learned integral-kernel operations with localized wavelet transforms. Examples include PDE solution maps and air-temperature prediction.,https://arxiv.org/abs/2205.02191,"Primary abstract and byline, checked 2026-09-10",curated_classification,,
e700,wno-2022,area:engineering,bridges_field,Combines learned integral-kernel operations with localized wavelet transforms. Examples include PDE solution maps and air-temperature prediction.,https://arxiv.org/abs/2205.02191,"Primary abstract and byline, checked 2026-09-10",curated_classification,,
e701,wno-2022,area:weather,bridges_field,Combines learned integral-kernel operations with localized wavelet transforms. Examples include PDE solution maps and air-temperature prediction.,https://arxiv.org/abs/2205.02191,"Primary abstract and byline, checked 2026-09-10",curated_classification,,
e702,wno-2022,mwt-2021,method_connection,"Both use wavelet representations for operator learning; they are distinct architectures. This is a reading connection, not a verified citation.",https://arxiv.org/abs/2205.02191,"Primary abstract and byline, checked 2026-09-10",analyst_inference,,
addition-author-lanthaler-samuel-authored-parametric-complexity-2023,author:lanthaler-samuel,parametric-complexity-2023,authored,Author verified in downloaded PDF byline.,https://arxiv.org/abs/2306.15924,PDF page 1,documented,,
addition-parametric-complexity-2023-classified-in-field-operator-learning,parametric-complexity-2023,field:operator-learning,classified_in,"Proves a curse of parametric complexity for general regular operator classes, and shows how Hamilton–Jacobi structure permits a more efficient architecture.",https://arxiv.org/abs/2306.15924,Abstract,curated_classification,,
addition-parametric-complexity-2023-classified-in-field-theory,parametric-complexity-2023,field:theory,classified_in,"Proves a curse of parametric complexity for general regular operator classes, and shows how Hamilton–Jacobi structure permits a more efficient architecture.",https://arxiv.org/abs/2306.15924,Abstract,curated_classification,,
addition-parametric-complexity-2023-bridges-field-area-operators,parametric-complexity-2023,area:operators,bridges_field,"Proves a curse of parametric complexity for general regular operator classes, and shows how Hamilton–Jacobi structure permits a more efficient architecture.",https://arxiv.org/abs/2306.15924,Abstract,curated_classification,,
addition-parametric-complexity-2023-bridges-field-area-fourier,parametric-complexity-2023,area:fourier,bridges_field,"Proves a curse of parametric complexity for general regular operator classes, and shows how Hamilton–Jacobi structure permits a more efficient architecture.",https://arxiv.org/abs/2306.15924,Abstract,curated_classification,,
addition-parametric-complexity-2023-cites-fno-2020,parametric-complexity-2023,fno-2020,cites,Verified title in downloaded PDF reference list.,https://arxiv.org/abs/2306.15924,"References [46], downloaded v4",documented,,
addition-parametric-complexity-2023-cites-neural-operator-2021,parametric-complexity-2023,neural-operator-2021,cites,Verified title in downloaded PDF reference list.,https://arxiv.org/abs/2306.15924,"References [40], downloaded v4",documented,,
addition-author-francesca-bartolucci-authored-reno-2023,author:francesca-bartolucci,reno-2023,authored,Author verified in downloaded PDF byline.,https://arxiv.org/abs/2305.19913,PDF page 1,documented,,
addition-author-de-bezenac-emmanuel-authored-reno-2023,author:de-bezenac-emmanuel,reno-2023,authored,Author verified in downloaded PDF byline.,https://arxiv.org/abs/2305.19913,PDF page 1,documented,,
addition-author-raonic-bogdan-authored-reno-2023,author:raonic-bogdan,reno-2023,authored,Author verified in downloaded PDF byline.,https://arxiv.org/abs/2305.19913,PDF page 1,documented,,
addition-author-molinaro-roberto-authored-reno-2023,author:molinaro-roberto,reno-2023,authored,Author verified in downloaded PDF byline.,https://arxiv.org/abs/2305.19913,PDF page 1,documented,,
addition-author-mishra-siddhartha-authored-reno-2023,author:mishra-siddhartha,reno-2023,authored,Author verified in downloaded PDF byline.,https://arxiv.org/abs/2305.19913,PDF page 1,documented,,
addition-author-rima-alaifari-authored-reno-2023,author:rima-alaifari,reno-2023,authored,Author verified in downloaded PDF byline.,https://arxiv.org/abs/2305.19913,PDF page 1,documented,,
addition-reno-2023-classified-in-field-operator-learning,reno-2023,field:operator-learning,classified_in,Introduces representation equivalence and operator aliasing to analyze consistency between continuous operators and their discrete implementations.,https://arxiv.org/abs/2305.19913,Abstract,curated_classification,,
addition-reno-2023-classified-in-field-theory,reno-2023,field:theory,classified_in,Introduces representation equivalence and operator aliasing to analyze consistency between continuous operators and their discrete implementations.,https://arxiv.org/abs/2305.19913,Abstract,curated_classification,,
addition-reno-2023-classified-in-field-sampling,reno-2023,field:sampling,classified_in,Introduces representation equivalence and operator aliasing to analyze consistency between continuous operators and their discrete implementations.,https://arxiv.org/abs/2305.19913,Abstract,curated_classification,,
addition-reno-2023-bridges-field-area-operators,reno-2023,area:operators,bridges_field,Introduces representation equivalence and operator aliasing to analyze consistency between continuous operators and their discrete implementations.,https://arxiv.org/abs/2305.19913,Abstract,curated_classification,,
addition-reno-2023-bridges-field-area-fourier,reno-2023,area:fourier,bridges_field,Introduces representation equivalence and operator aliasing to analyze consistency between continuous operators and their discrete implementations.,https://arxiv.org/abs/2305.19913,Abstract,curated_classification,,
addition-reno-2023-bridges-field-area-sparse,reno-2023,area:sparse,bridges_field,Introduces representation equivalence and operator aliasing to analyze consistency between continuous operators and their discrete implementations.,https://arxiv.org/abs/2305.19913,Abstract,curated_classification,,
addition-reno-2023-cites-fno-2020,reno-2023,fno-2020,cites,Verified title in downloaded PDF reference list.,https://arxiv.org/abs/2305.19913,"References [17], downloaded v2",documented,,
addition-reno-2023-cites-neural-operator-2021,reno-2023,neural-operator-2021,cites,Verified title in downloaded PDF reference list.,https://arxiv.org/abs/2305.19913,"References [15], downloaded v2",documented,,
addition-author-stuart-andrew-authored-parametric-complexity-2023,author:stuart-andrew,parametric-complexity-2023,authored,Author verified in downloaded PDF byline.,https://arxiv.org/abs/2306.15924,PDF page 1,documented,,
